arm,topo,rate,seed,episode,step,rd,rp,th,r_mean
LB,Abilene.gml,500,0,0,0,0.8071051605307158,0.5072807790615733,0.2624942448070117,0.5990909090909091
LB,Abilene.gml,500,0,0,1,0.8333517284880394,0.5925392117359066,0.26232200573489506,0.6672727272727271
LB,Abilene.gml,500,0,0,2,0.8323675384821067,0.5883410177584618,0.2621760160872592,0.6636363636363636
LB,Abilene.gml,500,0,0,3,0.8324754549704964,0.5912480942243018,0.2620562586401967,0.6672727272727274
LB,Abilene.gml,500,0,0,4,0.8324257553044945,0.5931069914481126,0.26196271879474303,0.6681818181818182
LB,Abilene.gml,500,0,0,5,0.8324011407938083,0.5951304339818598,0.2618953845751534,0.67
LB,Abilene.gml,500,0,0,6,0.8323708449031482,0.5971176027606616,0.2618542466274431,0.6718181818181818
LB,Abilene.gml,500,0,0,7,0.8323403914679782,0.5991027503674912,0.26183929821819035,0.6736363636363636
LB,Abilene.gml,500,0,0,8,0.8323087374733109,0.6010794215036502,0.2618505352336004,0.6745454545454544
LB,Abilene.gml,500,0,0,9,0.8322759306887957,0.6030483759226187,0.26188795617883226,0.6763636363636363
LB,Abilene.gml,500,0,0,10,0.8322417089401468,0.6050090826188846,0.26195156217758747,0.6790909090909092
LB,Abilene.gml,500,0,0,11,0.8322057141646089,0.6069612485276592,0.26204135697196057,0.68
LB,Abilene.gml,500,0,0,12,0.832167377220259,0.6089045420625837,0.2621573469225514,0.6836363636363636
LB,Abilene.gml,500,0,0,13,0.832125793548811,0.6108386437427925,0.2622995410088394,0.6854545454545454
LB,Abilene.gml,500,0,0,14,0.8320794556152034,0.6127632372792415,0.2624679508298198,0.6863636363636364
LB,Abilene.gml,500,0,0,15,0.8320256696032368,0.6146780115295938,0.262662590604901,0.6872727272727273
LB,Abilene.gml,500,0,0,16,0.8319591023742291,0.6165826604642671,0.26288347717506516,0.6909090909090909
LB,Abilene.gml,500,0,0,17,0.8318674311612558,0.6184768834949724,0.26313063000428977,0.6927272727272727
LB,Abilene.gml,500,0,0,18,0.8317138827795968,0.6203603857350584,0.26340407118123194,0.6927272727272727
LB,Abilene.gml,500,0,0,19,0.8313127347506324,0.6222328782702486,0.26370382542117454,0.6927272727272727
LB,Abilene.gml,500,0,0,20,0.818175148283676,0.6240940784251081,0.2640299200682353,0.6909090909090909
LB,Abilene.gml,500,0,0,21,0.8085645858624969,0.6259166287164816,0.2643823850978381,0.6890909090909091
LB,Abilene.gml,500,0,0,22,0.808155827579547,0.6274563542854973,0.26476125311944776,0.6927272727272727
LB,Abilene.gml,500,0,0,23,0.8078677722322186,0.628982505693264,0.2651665593795673,0.6936363636363636
LB,Abilene.gml,500,0,0,24,0.7943745303288786,0.6304948606588643,0.2655983417649986,0.6890909090909091
LB,Abilene.gml,500,0,0,25,0.7835211791559938,0.6319344478179395,0.266056640806368,0.6854545454545454
LB,Abilene.gml,500,0,0,26,0.7833335225208432,0.6324446486073421,0.26654149968191376,0.6881818181818181
LB,Abilene.gml,500,0,0,27,0.7832426694293404,0.6329187018641594,0.26705296422154023,0.689090909090909
LB,Abilene.gml,500,0,0,28,0.78317622592634,0.6333833888581608,0.267591082911135,0.6881818181818181
LB,Abilene.gml,500,0,0,29,0.7831172098454597,0.6338377626183666,0.26815590689715174,0.6881818181818181
LB,Abilene.gml,500,0,0,30,0.7830568277179867,0.6342817696126409,0.26874748999145975,0.69
LB,Abilene.gml,500,0,0,31,0.7829849071618966,0.6347151934943063,0.2693658886764574,0.69
LB,Abilene.gml,500,0,0,32,0.7829518737023203,0.6367681997089633,0.26958633670021964,0.6927272727272726
LB,Abilene.gml,500,0,0,33,0.7829312610683338,0.6388834053053318,0.2698337213128496,0.6936363636363635
LB,Abilene.gml,500,0,0,34,0.7829057890980148,0.6409677283672601,0.27010806455914954,0.6963636363636364
LB,Abilene.gml,500,0,0,35,0.7827849007794362,0.64146685727844,0.27080177483287665,0.6963636363636364
LB,Abilene.gml,500,0,0,36,0.7823736229650955,0.6418711941688808,0.2715224959130597,0.6981818181818181
LB,Abilene.gml,500,0,0,37,0.7821343703865544,0.6438687523938703,0.27185641058921206,0.6981818181818181
LB,Abilene.gml,500,0,0,38,0.7817831194296861,0.6459266879584391,0.2722174775149557,0.6981818181818181
LB,Abilene.gml,500,0,0,39,0.7809045942981044,0.6479531753215977,0.27260573008175815,0.7009090909090908
LB,Abilene.gml,500,0,0,40,0.756741491462874,0.6482184298713899,0.2734027798811361,0.6936363636363637
LB,Abilene.gml,500,0,0,41,0.7556915435578356,0.6497674311435092,0.2737987440954125,0.6954545454545454
LB,Abilene.gml,500,0,0,42,0.7651475296164437,0.6513232649415802,0.274222048587677,0.6981818181818181
LB,Abilene.gml,500,0,0,43,0.7654357536332008,0.6524587488731854,0.274695926442283,0.6981818181818181
LB,Abilene.gml,500,0,0,44,0.7654759412408064,0.6535683145226628,0.2751972265017477,0.7009090909090909
LB,Abilene.gml,500,0,0,45,0.7653999580878839,0.6545663190115291,0.27572599615385673,0.7009090909090909
LB,Abilene.gml,500,0,0,46,0.7649910649990388,0.6554890601645297,0.27628228552861583,0.7018181818181818
LB,Abilene.gml,500,0,0,47,0.7452618052613644,0.6571703555047472,0.2763198775191814,0.6972727272727272
LB,Abilene.gml,500,0,0,48,0.744598626793038,0.6584179482490989,0.27687048894308997,0.6963636363636363
LB,Abilene.gml,500,0,0,49,0.7444625693859444,0.6596259084389833,0.2774487323547504,0.6963636363636363
LB,Abilene.gml,500,0,1,0,0.8248414002554477,0.5705179254865673,0.2634224961539679,0.6472727272727273
LB,Abilene.gml,500,0,1,1,0.8327441793967061,0.5864842627265059,0.2632470326202505,0.6609090909090909
LB,Abilene.gml,500,0,1,2,0.8325317146225675,0.5865790719160651,0.2630979113361484,0.66
LB,Abilene.gml,500,0,1,3,0.8325320834231248,0.5888397159960849,0.2629751147553084,0.6663636363636363
LB,Abilene.gml,500,0,1,4,0.8324968236049247,0.590765639836923,0.26287862796560196,0.6672727272727274
LB,Abilene.gml,500,0,1,5,0.83246728921287,0.5927368197536967,0.2628084386873711,0.6690909090909091
LB,Abilene.gml,500,0,1,6,0.8324361942114776,0.5946924831093563,0.26276453727193677,0.6690909090909091
LB,Abilene.gml,500,0,1,7,0.8324047631073637,0.5966421898834512,0.26274691670037115,0.6727272727272727
LB,Abilene.gml,500,0,1,8,0.83237266778535,0.5985839440692995,0.26275557258253274,0.6727272727272727
LB,Abilene.gml,500,0,1,9,0.8323398142444415,0.6005176982747417,0.2627905031563645,0.6745454545454544
LB,Abilene.gml,500,0,1,10,0.832306005339804,0.6024430749797499,0.2628517092874543,0.6772727272727271
LB,Abilene.gml,500,0,1,11,0.8322709754177982,0.6043597585774907,0.26293919446885994,0.6781818181818181
LB,Abilene.gml,500,0,1,12,0.8322343411362606,0.6062674273097506,0.26305296482119417,0.6809090909090909
LB,Abilene.gml,500,0,1,13,0.8321955369840613,0.6081657655903124,0.2631930290929754,0.6836363636363636
LB,Abilene.gml,500,0,1,14,0.832153694964335,0.6100544621294105,0.26335939866123864,0.6854545454545454
LB,Abilene.gml,500,0,1,15,0.8321074124468761,0.6119332105853242,0.26355208753241127,0.6863636363636364
LB,Abilene.gml,500,0,1,16,0.8320542611108611,0.613801709761958,0.26377111234344996,0.6872727272727273
LB,Abilene.gml,500,0,1,17,0.8319896178530826,0.6156596638864669,0.26401649236324193,0.6909090909090909
LB,Abilene.gml,500,0,1,18,0.8319033745912944,0.6175067828705669,0.26428824949426816,0.6927272727272727
LB,Abilene.gml,500,0,1,19,0.8317679561050483,0.6193427825726635,0.26458640827453084,0.6927272727272727
LB,Abilene.gml,500,0,1,20,0.8314683990928414,0.6211673850574408,0.26491099587974287,0.6927272727272727
LB,Abilene.gml,500,0,1,21,0.828841381302345,0.6228898188859112,0.26526204212578236,0.6936363636363637
LB,Abilene.gml,500,0,1,22,0.8086888621286079,0.6243996949047589,0.2656395794714098,0.6890909090909091
LB,Abilene.gml,500,0,1,23,0.8078940995987854,0.625895986777805,0.2660436430212499,0.6909090909090909
LB,Abilene.gml,500,0,1,24,0.7842093546850646,0.6273784649277762,0.2664742705290371,0.6836363636363636
LB,Abilene.gml,500,0,1,25,0.7835284089968545,0.6282047277807525,0.26693150240112645,0.6854545454545454
LB,Abilene.gml,500,0,1,26,0.7833745061239735,0.6286702936388276,0.26741538170026863,0.6863636363636364
LB,Abilene.gml,500,0,1,27,0.7832830384789176,0.6291241471471802,0.267925954149651,0.6854545454545454
LB,Abilene.gml,500,0,1,28,0.7832108855126573,0.6295684657342034,0.26846326813720334,0.6872727272727273
LB,Abilene.gml,500,0,1,29,0.7831431282578639,0.6300025846218298,0.26902737472017074,0.6872727272727273
LB,Abilene.gml,500,0,1,30,0.7830682344557709,0.6304263987172012,0.26961832762995175,0.6872727272727273
LB,Abilene.gml,500,0,1,31,0.7829661731675347,0.6308397052326173,0.2702361832772048,0.6881818181818181
LB,Abilene.gml,500,0,1,32,0.7827702012654106,0.6312423301982731,0.2708810007572209,0.6890909090909091
LB,Abilene.gml,500,0,1,33,0.7818782249895407,0.6316341048790975,0.27155284185556466,0.6890909090909091
LB,Abilene.gml,500,0,1,34,0.7812067558548144,0.6336706761437253,0.27181052076765116,0.69
LB,Abilene.gml,500,0,1,35,0.779765931528484,0.6357683427824186,0.2720953549639232,0.6909090909090909
LB,Abilene.gml,500,0,1,36,0.7723531365111213,0.6378360753139573,0.27240737021227196,0.6890909090909091
LB,Abilene.gml,500,0,1,37,0.7600885409942374,0.6398860394779229,0.27274659499611714,0.6881818181818181
LB,Abilene.gml,500,0,1,38,0.7571619841580207,0.6419279234935892,0.2730818925079092,0.6881818181818181
LB,Abilene.gml,500,0,1,39,0.756764423441269,0.643919005201203,0.27344446467920086,0.69
LB,Abilene.gml,500,0,1,40,0.7567055259750578,0.6459047793212883,0.27385250186331267,0.6918181818181818
LB,Abilene.gml,500,0,1,41,0.756744811104261,0.6478886800903491,0.2742878834938923,0.6936363636363637
LB,Abilene.gml,500,0,1,42,0.7576717271676595,0.6498461581676098,0.2747194885988742,0.6945454545454546
LB,Abilene.gml,500,0,1,43,0.7728335317442607,0.6515401486452745,0.27517852249220537,0.7009090909090908
LB,Abilene.gml,500,0,1,44,0.7732598280279784,0.65273886621853,0.2756831815267827,0.7027272727272728
LB,Abilene.gml,500,0,1,45,0.7731490210156782,0.6538729963714641,0.27621535841360917,0.7027272727272728
LB,Abilene.gml,500,0,1,46,0.7656679825595013,0.6549175024175461,0.27677510361858837,0.7027272727272728
LB,Abilene.gml,500,0,1,47,0.7653495772377871,0.6565766195371264,0.2768046617619439,0.7027272727272726
LB,Abilene.gml,500,0,1,48,0.764450579074046,0.658155607578431,0.2768618974156613,0.7027272727272726
LB,Abilene.gml,500,0,1,49,0.7448014354166269,0.6596854861782696,0.2769468135355549,0.6981818181818181
LB,Abilene.gml,500,0,2,0,0.8233815095969029,0.5715192900949159,0.2631480309651968,0.6472727272727273
LB,Abilene.gml,500,0,2,1,0.8327222016067178,0.5873077728164339,0.26296502214772,0.6609090909090909
LB,Abilene.gml,500,0,2,2,0.8325102841985078,0.5874918430773238,0.2628083281333397,0.6618181818181819
LB,Abilene.gml,500,0,2,3,0.8325129026630929,0.5897597823301081,0.26267793062117417,0.6672727272727274
LB,Abilene.gml,500,0,2,4,0.8324793522439884,0.5917033745213349,0.26257381394182205,0.6672727272727274
LB,Abilene.gml,500,0,2,5,0.832451246538654,0.5936910358146938,0.262495965055532,0.6690909090909091
LB,Abilene.gml,500,0,2,6,0.8324213647061879,0.5956633593222013,0.26244437355063616,0.6690909090909091
LB,Abilene.gml,500,0,2,7,0.8323909913739563,0.597629760660491,0.26241903164224584,0.6727272727272727
LB,Abilene.gml,500,0,2,8,0.8323598392790914,0.5995882473523555,0.2624199341712106,0.6727272727272727
LB,Abilene.gml,500,0,2,9,0.8323278492870465,0.6015387680606135,0.2624470786033396,0.6754545454545453
LB,Abilene.gml,500,0,2,10,0.832294855038798,0.6034809395182335,0.26250046502888563,0.6781818181818181
LB,Abilene.gml,500,0,2,11,0.832260622317654,0.6054144410982797,0.2625800961622921,0.6790909090909092
LB,Abilene.gml,500,0,2,12,0.8322248047919124,0.6073389457236301,0.2626859773422014,0.6809090909090909
LB,Abilene.gml,500,0,2,13,0.8321868875558799,0.6092541324747394,0.26281811653172693,0.6836363636363636
LB,Abilene.gml,500,0,2,14,0.8321460817245739,0.6111596846516957,0.26297652431898666,0.6863636363636364
LB,Abilene.gml,500,0,2,15,0.832101124067966,0.6130552904446729,0.26316121391789965,0.6872727272727273
LB,Abilene.gml,500,0,2,16,0.832049862569563,0.6149406431326313,0.26337220116924454,0.6881818181818182
LB,Abilene.gml,500,0,2,17,0.8319883009271866,0.6168154413659006,0.2636095045419812,0.6909090909090909
LB,Abilene.gml,500,0,2,18,0.8319080331726995,0.6186793894317382,0.2638731451348347,0.6927272727272727
LB,Abilene.gml,500,0,2,19,0.831787581769261,0.6205321975209221,0.2641631466781425,0.6927272727272727
LB,Abilene.gml,500,0,2,20,0.8315488820001697,0.622373581991826,0.26447953553596365,0.6936363636363637
LB,Abilene.gml,500,0,2,21,0.8304523967972173,0.6240789983157895,0.26482234070845273,0.6954545454545454
LB,Abilene.gml,500,0,2,22,0.8090885963760457,0.6256065123514245,0.2651915938344954,0.6918181818181819
LB,Abilene.gml,500,0,2,23,0.8079780589376732,0.6271203847960578,0.2655873291946089,0.6927272727272727
LB,Abilene.gml,500,0,2,24,0.7843327329078932,0.628620381934709,0.2660095837141058,0.6854545454545454
LB,Abilene.gml,500,0,2,25,0.78354805511385,0.6297604578720924,0.2664583969665223,0.6863636363636364
LB,Abilene.gml,500,0,2,26,0.7833851298427401,0.6302392101493731,0.26693381117731,0.6863636363636364
LB,Abilene.gml,500,0,2,27,0.7832905501502975,0.6307059323214385,0.2674358712277945,0.6863636363636364
LB,Abilene.gml,500,0,2,28,0.7832176115563528,0.631163058303039,0.2679646246593967,0.6872727272727273
LB,Abilene.gml,500,0,2,29,0.7831509418107195,0.6316098754991046,0.26852012167812167,0.6872727272727273
LB,Abilene.gml,500,0,2,30,0.7830799383457304,0.6320462824367588,0.26910241515931266,0.6881818181818181
LB,Abilene.gml,500,0,2,31,0.7829886247380298,0.6324720695004309,0.2697115606526714,0.6890909090909091
LB,Abilene.gml,500,0,2,32,0.7828309921448493,0.632887057985851,0.27034761638754606,0.69
LB,Abilene.gml,500,0,2,33,0.7823191123168356,0.6332910740473486,0.27101064327848595,0.6909090909090909
LB,Abilene.gml,500,0,2,34,0.7820320995384001,0.6353318124602741,0.2712698563599678,0.6918181818181818
LB,Abilene.gml,500,0,2,35,0.7816115666149234,0.6374347070022759,0.27155617050577757,0.6936363636363637
LB,Abilene.gml,500,0,2,36,0.7570797544732902,0.6378857219267502,0.2722787871124499,0.6836363636363636
LB,Abilene.gml,500,0,2,37,0.7568277809443842,0.6398663555004669,0.2726086108544877,0.6863636363636364
LB,Abilene.gml,500,0,2,38,0.7566312528734582,0.6419144580102147,0.2729449758087775,0.6881818181818181
LB,Abilene.gml,500,0,2,39,0.7565651165368356,0.6438986824843286,0.2733086016241529,0.69
LB,Abilene.gml,500,0,2,40,0.7565819189717061,0.6459099521351314,0.273707263238402,0.6909090909090909
LB,Abilene.gml,500,0,2,41,0.7567103435100665,0.647918618327171,0.2741332557128135,0.6936363636363637
LB,Abilene.gml,500,0,2,42,0.7616423888133848,0.649870600745217,0.2745659363842161,0.6963636363636364
LB,Abilene.gml,500,0,2,43,0.7723547346968593,0.6513028979436745,0.2750402404882849,0.7009090909090908
LB,Abilene.gml,500,0,2,44,0.7686345998486068,0.6525035942092822,0.27554200118599215,0.7009090909090908
LB,Abilene.gml,500,0,2,45,0.765510419594091,0.6535498945876794,0.27607126590774816,0.7018181818181819
LB,Abilene.gml,500,0,2,46,0.7654670844335872,0.6545470814045398,0.2766280848296228,0.7018181818181818
LB,Abilene.gml,500,0,2,47,0.7653476772233824,0.6562082917433962,0.27665897809660295,0.7027272727272726
LB,Abilene.gml,500,0,2,48,0.7647134910368281,0.6577975898508582,0.276717534172066,0.7027272727272726
LB,Abilene.gml,500,0,2,49,0.7449153347634069,0.6593367368160511,0.2768037561453388,0.6972727272727272
LB,Abilene.gml,500,0,3,0,0.8233274974895358,0.5661679123154156,0.2665574045979397,0.6436363636363636
LB,Abilene.gml,500,0,3,1,0.8326757049918526,0.5824353365252336,0.2663627301205318,0.6581818181818182
LB,Abilene.gml,500,0,3,2,0.8324409020277277,0.5825786726929789,0.2661947113835837,0.6581818181818182
LB,Abilene.gml,500,0,3,3,0.8324561370916775,0.5848367715207796,0.2660533289196476,0.66
LB,Abilene.gml,500,0,3,4,0.8324259227362961,0.5867638854318774,0.26593856592685,0.6618181818181819
LB,Abilene.gml,500,0,3,5,0.832400021492523,0.5887368736792868,0.2658504082669442,0.6672727272727274
LB,Abilene.gml,500,0,3,6,0.8323708221599212,0.5906945030501347,0.2657888444636312,0.6690909090909091
LB,Abilene.gml,500,0,3,7,0.8323399504579082,0.5926465720715319,0.26575386570114484,0.6690909090909091
LB,Abilene.gml,500,0,3,8,0.832307133293951,0.594591005856775,0.26574546582310493,0.6718181818181818
LB,Abilene.gml,500,0,3,9,0.8322721867743786,0.5965277665620896,0.26576364133163505,0.6727272727272727
LB,Abilene.gml,500,0,3,10,0.832234622545784,0.598456464603511,0.2658083913867475,0.6727272727272727
LB,Abilene.gml,500,0,3,11,0.8321935902411692,0.6003767767458565,0.26587971780599307,0.6754545454545453
LB,Abilene.gml,500,0,3,12,0.8321475993031577,0.6022883722943759,0.26597762506437733,0.6781818181818181
LB,Abilene.gml,500,0,3,13,0.8320939148738855,0.6041909266476009,0.26610212029454217,0.6790909090909092
LB,Abilene.gml,500,0,3,14,0.8320270204868414,0.6060841191793128,0.2662532132872135,0.68
LB,Abilene.gml,500,0,3,15,0.83193394428089,0.6079676339512698,0.2664309164919143,0.6836363636363636
LB,Abilene.gml,500,0,3,16,0.8317751297124378,0.6098411599109045,0.26663524501794383,0.6863636363636364
LB,Abilene.gml,500,0,3,17,0.831342803631605,0.6117043911816663,0.26686621663562254,0.6863636363636364
LB,Abilene.gml,500,0,3,18,0.8160450752579345,0.6135570273349334,0.267123851777803,0.6827272727272727
LB,Abilene.gml,500,0,3,19,0.8086450604029451,0.6153987736635013,0.267408173541647,0.6827272727272727
LB,Abilene.gml,500,0,3,20,0.8082785690243933,0.6172293414527,0.26771920769066887,0.6845454545454546
LB,Abilene.gml,500,0,3,21,0.8081168650022121,0.6190455596917674,0.26805698265704486,0.6863636363636364
LB,Abilene.gml,500,0,3,22,0.8079874981193161,0.6205710663285107,0.2684215295441899,0.6872727272727274
LB,Abilene.gml,500,0,3,23,0.8077930723058301,0.6220790573565385,0.2688128821296006,0.6881818181818182
LB,Abilene.gml,500,0,3,24,0.8042836829064384,0.6235734134344667,0.2692310768679658,0.6872727272727273
LB,Abilene.gml,500,0,3,25,0.7834918189788508,0.6247078416447268,0.26967615289454394,0.6827272727272727
LB,Abilene.gml,500,0,3,26,0.7832891159618062,0.6251832773651654,0.2701481520288089,0.6836363636363636
LB,Abilene.gml,500,0,3,27,0.7831943290970584,0.6256473097561032,0.2706471187783633,0.6845454545454546
LB,Abilene.gml,500,0,3,28,0.7831208403169725,0.6261019121406692,0.27117310034312053,0.6845454545454546
LB,Abilene.gml,500,0,3,29,0.783047547679571,0.6265464543632326,0.27172614661975564,0.6845454545454546
LB,Abilene.gml,500,0,3,30,0.7829574576269056,0.6269808099203271,0.27230631020642504,0.6854545454545454
LB,Abilene.gml,500,0,3,31,0.7828122831280787,0.6274047670735509,0.2729136464077564,0.6854545454545454
LB,Abilene.gml,500,0,3,32,0.7824163054969401,0.6278181403768718,0.2735482132401085,0.6854545454545454
LB,Abilene.gml,500,0,3,33,0.7612526494835269,0.6282205895598804,0.2742100714371013,0.6799999999999999
LB,Abilene.gml,500,0,3,34,0.7579252156282842,0.630206899543844,0.2744842880530721,0.6799999999999999
LB,Abilene.gml,500,0,3,35,0.757236193458208,0.632253246010879,0.27478592567618665,0.6818181818181818
LB,Abilene.gml,500,0,3,36,0.7566512484268606,0.634206608140856,0.27510573432205604,0.6827272727272727
LB,Abilene.gml,500,0,3,37,0.7564776197002208,0.6361967995128022,0.27545563373676385,0.6845454545454545
LB,Abilene.gml,500,0,3,38,0.7563255256545837,0.6381876324018179,0.27583304372490386,0.6854545454545454
LB,Abilene.gml,500,0,3,39,0.7561475457618303,0.6400908588782773,0.27622205823485124,0.6863636363636364
LB,Abilene.gml,500,0,3,40,0.755887487181714,0.6419434684301266,0.27663865604917104,0.6872727272727273
LB,Abilene.gml,500,0,3,41,0.7544083850763876,0.643765743912714,0.27708287606931437,0.69
LB,Abilene.gml,500,0,3,42,0.748159785029836,0.6449457961384014,0.27755070863967907,0.69
LB,Abilene.gml,500,0,3,43,0.7480760817626465,0.6462331928409134,0.2780436381049543,0.6909090909090909
LB,Abilene.gml,500,0,3,44,0.7480234952103124,0.6474133450165737,0.2785643226410936,0.6909090909090909
LB,Abilene.gml,500,0,3,45,0.7480193806093317,0.648540177723328,0.27911281154104345,0.6909090909090909
LB,Abilene.gml,500,0,3,46,0.7481916899319305,0.6495781556439848,0.2796891568732573,0.6936363636363635
LB,Abilene.gml,500,0,3,47,0.7609952391898234,0.6505734949530407,0.2802934134866253,0.6972727272727272
LB,Abilene.gml,500,0,3,48,0.7444318062407107,0.6514180790435118,0.28089493484278916,0.6918181818181818
LB,Abilene.gml,500,0,3,49,0.7441634136808226,0.6529003182282391,0.28099510601712335,0.6927272727272726
LB,Abilene.gml,500,0,4,0,0.8233004833501877,0.5672847845192308,0.2644995548945837,0.6427272727272727
LB,Abilene.gml,500,0,4,1,0.8327528747710994,0.5841438743381974,0.26427226313714675,0.6581818181818182
LB,Abilene.gml,500,0,4,2,0.8324972474332434,0.5842478824191821,0.2640714213351993,0.6590909090909091
LB,Abilene.gml,500,0,4,3,0.8325233412719986,0.5865463931655159,0.2638970067595655,0.660909090909091
LB,Abilene.gml,500,0,4,4,0.8324968100931034,0.5885033715832015,0.2637489993260653,0.6645454545454546
LB,Abilene.gml,500,0,4,5,0.8324744881793553,0.5905081471350098,0.26362738159324106,0.6672727272727274
LB,Abilene.gml,500,0,4,6,0.832448574922568,0.5924976642566991,0.26353213876034937,0.6690909090909091
LB,Abilene.gml,500,0,4,7,0.8324211927855022,0.594481992942605,0.26346325866561704,0.67
LB,Abilene.gml,500,0,4,8,0.8323923724376864,0.5964590116596321,0.2634207317847607,0.6718181818181818
LB,Abilene.gml,500,0,4,9,0.8323622977307729,0.5984286853977714,0.26340455122977097,0.6736363636363636
LB,Abilene.gml,500,0,4,10,0.8323309735401184,0.6003906191618159,0.26341471274795974,0.6754545454545453
LB,Abilene.gml,500,0,4,11,0.8322983091596218,0.6023444853285401,0.26345121472127137,0.6754545454545453
LB,Abilene.gml,500,0,4,12,0.8322640984782282,0.6042899483223271,0.2635140581658579,0.6790909090909092
LB,Abilene.gml,500,0,4,13,0.8322279909039381,0.6062266784137297,0.26360324673191654,0.68
LB,Abilene.gml,500,0,4,14,0.8321894250479009,0.6081543495572258,0.2637187867037918,0.6827272727272727
LB,Abilene.gml,500,0,4,15,0.83214750031721,0.6100726401076286,0.26386068700034015,0.6845454545454545
LB,Abilene.gml,500,0,4,16,0.8321007186634628,0.6119812330137427,0.26402895917555896,0.6881818181818182
LB,Abilene.gml,500,0,4,17,0.8320464226012105,0.6138798161060569,0.26422361741947775,0.6881818181818182
LB,Abilene.gml,500,0,4,18,0.8319794145344218,0.6157680823659388,0.26444467855931414,0.6900000000000001
LB,Abilene.gml,500,0,4,19,0.8318879026312916,0.6176457301965935,0.26469216206089247,0.6909090909090909
LB,Abilene.gml,500,0,4,20,0.8317377181479308,0.6195124636918141,0.26496609003032673,0.6927272727272727
LB,Abilene.gml,500,0,4,21,0.8313667909887786,0.6213679929029817,0.265266487215967,0.6936363636363636
LB,Abilene.gml,500,0,4,22,0.8229712933962632,0.6232120341039635,0.2655933810106104,0.6936363636363636
LB,Abilene.gml,500,0,4,23,0.8085940063999648,0.6248572328029663,0.2659468014539754,0.6900000000000001
LB,Abilene.gml,500,0,4,24,0.8080957594101856,0.6263859514109723,0.2663267812354414,0.6927272727272727
LB,Abilene.gml,500,0,4,25,0.8072980526740176,0.6279009608927439,0.26673335569705287,0.6927272727272727
LB,Abilene.gml,500,0,4,26,0.7837212420560294,0.6292166216004254,0.2671665628367878,0.6863636363636364
LB,Abilene.gml,500,0,4,27,0.7833979636980111,0.629809239632289,0.2676264433120925,0.6863636363636364
LB,Abilene.gml,500,0,4,28,0.7832749532417917,0.6302862440630537,0.26811304044368084,0.6863636363636364
LB,Abilene.gml,500,0,4,29,0.7831858000417619,0.6307526477454198,0.26862640021960044,0.6863636363636364
LB,Abilene.gml,500,0,4,30,0.7830993686780533,0.6312090975733734,0.2691665712995644,0.6872727272727273
LB,Abilene.gml,500,0,4,31,0.7829912453809065,0.631655208023539,0.26973360501955024,0.6872727272727273
LB,Abilene.gml,500,0,4,32,0.7827988442766594,0.6320908165584164,0.27032755539666614,0.6890909090909091
LB,Abilene.gml,500,0,4,33,0.7820314182084664,0.6325157272777184,0.27094847913428394,0.69
LB,Abilene.gml,500,0,4,34,0.7573210258019628,0.6329159625580562,0.2715964356274414,0.6809090909090908
LB,Abilene.gml,500,0,4,35,0.7569573086549048,0.6349309674958472,0.271857956110051,0.6818181818181818
LB,Abilene.gml,500,0,4,36,0.7566396388022888,0.6369850084962455,0.2721294336060855,0.6836363636363636
LB,Abilene.gml,500,0,4,37,0.7565288689253908,0.6390271402690977,0.27243882068797515,0.6845454545454545
LB,Abilene.gml,500,0,4,38,0.7564630674074759,0.6410719739637316,0.2727754207132255,0.6863636363636364
LB,Abilene.gml,500,0,4,39,0.7563781859264364,0.6430655213481058,0.2731155855186603,0.6881818181818181
LB,Abilene.gml,500,0,4,40,0.7563133875580856,0.6450097277645189,0.27348302786616635,0.69
LB,Abilene.gml,500,0,4,41,0.7562557618923008,0.646994735229102,0.27388850341781773,0.6927272727272726
LB,Abilene.gml,500,0,4,42,0.7562312457090318,0.6489178987986598,0.2743041298023908,0.6936363636363637
LB,Abilene.gml,500,0,4,43,0.7562062545331542,0.6507857219509708,0.27474714503730563,0.6945454545454546
LB,Abilene.gml,500,0,4,44,0.7562118777677699,0.6526240164489816,0.27521759068520085,0.6954545454545454
LB,Abilene.gml,500,0,4,45,0.751215763367431,0.654472361928684,0.27571328233970793,0.6963636363636364
LB,Abilene.gml,500,0,4,46,0.7509411379847909,0.6557386298262392,0.2762322507810832,0.6990909090909091
LB,Abilene.gml,500,0,4,47,0.7650933967853597,0.6569244016823218,0.27677879055069265,0.7018181818181819
LB,Abilene.gml,500,0,4,48,0.765281746013337,0.6579034709796407,0.2773442520276352,0.7027272727272728
LB,Abilene.gml,500,0,4,49,0.7652148946064942,0.6595299440440591,0.2774120419447941,0.7045454545454546
LB,Abilene.gml,500,0,5,0,0.8313494761000342,0.5679673819398446,0.265502318154517,0.6472727272727273
LB,Abilene.gml,500,0,5,1,0.8327190317648129,0.583166297367767,0.26533456746982603,0.66
LB,Abilene.gml,500,0,5,2,0.8325179542724098,0.5833483765853463,0.2651933670169504,0.66
LB,Abilene.gml,500,0,5,3,0.8325153405551183,0.5855775244625213,0.26507870002082184,0.6618181818181819
LB,Abilene.gml,500,0,5,4,0.832479665995594,0.587490777487773,0.26499055236139496,0.6654545454545454
LB,Abilene.gml,500,0,5,5,0.832449205945867,0.5894464820654245,0.26492891257197004,0.6672727272727274
LB,Abilene.gml,500,0,5,6,0.8324171771343672,0.5913873181561364,0.2648937718377814,0.6681818181818182
LB,Abilene.gml,500,0,5,7,0.8323846659762122,0.5933222867663983,0.2648851239948499,0.6709090909090909
LB,Abilene.gml,500,0,5,8,0.832351305532097,0.5952494863232342,0.2649029655291022,0.6718181818181818
LB,Abilene.gml,500,0,5,9,0.8323169222950493,0.5971688553041585,0.264947295575754,0.6727272727272727
LB,Abilene.gml,500,0,5,10,0.8322812093609522,0.599080020280363,0.2650181159189587,0.6745454545454544
LB,Abilene.gml,500,0,5,11,0.8322437342013128,0.6009826665325767,0.26511543099172097,0.6772727272727272
LB,Abilene.gml,500,0,5,12,0.8322038484064862,0.6028764736533574,0.26523924787607517,0.6772727272727272
LB,Abilene.gml,500,0,5,13,0.8321605403377155,0.6047611272394452,0.26538957630352844,0.68
LB,Abilene.gml,500,0,5,14,0.8321121371625562,0.6066363171279563,0.26556642865576935,0.6827272727272727
LB,Abilene.gml,500,0,5,15,0.8320556490348118,0.608501738030889,0.26576981996564064,0.6854545454545454
LB,Abilene.gml,500,0,5,16,0.8319851162796069,0.6103570897383143,0.2659997679183776,0.6863636363636364
LB,Abilene.gml,500,0,5,17,0.8318865511042683,0.6122020773978699,0.266256292853111,0.6863636363636364
LB,Abilene.gml,500,0,5,18,0.8317167546780545,0.6140364117788137,0.2665394177646363,0.6890909090909092
LB,Abilene.gml,500,0,5,19,0.8312344791621826,0.6158598095369433,0.2668491683054469,0.6918181818181819
LB,Abilene.gml,500,0,5,20,0.8124138462571395,0.617604163077856,0.26718557278803395,0.6881818181818182
LB,Abilene.gml,500,0,5,21,0.8084312137140993,0.619116625512999,0.26754866218745144,0.6872727272727274
LB,Abilene.gml,500,0,5,22,0.8079052409094875,0.6206159528593825,0.26793847014414796,0.6881818181818182
LB,Abilene.gml,500,0,5,23,0.7845709567392057,0.6221019077035916,0.26835503296706303,0.6809090909090909
LB,Abilene.gml,500,0,5,24,0.7835329285143667,0.6229095066783471,0.2687983896369926,0.6818181818181818
LB,Abilene.gml,500,0,5,25,0.7833700887116777,0.6233839301767704,0.2692685818102189,0.6818181818181818
LB,Abilene.gml,500,0,5,26,0.7832763452050053,0.6238467354761572,0.26976565382240886,0.6818181818181818
LB,Abilene.gml,500,0,5,27,0.7832013701541157,0.6243004823385973,0.2702896526927799,0.6827272727272727
LB,Abilene.gml,500,0,5,28,0.7831284188345706,0.6247443949369079,0.27084062812853305,0.6818181818181818
LB,Abilene.gml,500,0,5,29,0.7830430429802218,0.6251783804465271,0.2714186325295555,0.6827272727272727
LB,Abilene.gml,500,0,5,30,0.7830075811187402,0.6271736170290497,0.271619398527428,0.6854545454545454
LB,Abilene.gml,500,0,5,31,0.7829855447614805,0.629230842306407,0.2718473063885535,0.6863636363636364
LB,Abilene.gml,500,0,5,32,0.7828507118380134,0.6297278085802421,0.2724850319960423,0.6872727272727273
LB,Abilene.gml,500,0,5,33,0.7824200302793044,0.6301348045331362,0.27314994233416995,0.6881818181818181
LB,Abilene.gml,500,0,5,34,0.7595941034133861,0.6305414487562054,0.27384210117549723,0.6809090909090908
LB,Abilene.gml,500,0,5,35,0.7577258914429571,0.6324964210365956,0.27414648203029623,0.6827272727272727
LB,Abilene.gml,500,0,5,36,0.7572168750263306,0.6345131666425967,0.27447824709521274,0.6827272727272727
LB,Abilene.gml,500,0,5,37,0.7569243502830801,0.6364988919886674,0.27483742680833234,0.6845454545454545
LB,Abilene.gml,500,0,5,38,0.7567407416946779,0.6384667601263921,0.27522405434616143,0.6863636363636364
LB,Abilene.gml,500,0,5,39,0.7565333462790679,0.6404253356364392,0.2756047204958331,0.6872727272727273
LB,Abilene.gml,500,0,5,40,0.7564237562176911,0.6423323424234885,0.2760129090509394,0.689090909090909
LB,Abilene.gml,500,0,5,41,0.7563584236106078,0.6442214142920805,0.27646874630418655,0.6909090909090908
LB,Abilene.gml,500,0,5,42,0.7563545584164196,0.6456610296090787,0.27692542251863117,0.6927272727272727
LB,Abilene.gml,500,0,5,43,0.7564324487447656,0.6470054614550929,0.27740974560770626,0.6927272727272727
LB,Abilene.gml,500,0,5,44,0.7572979995121323,0.6482864720508587,0.27792176123903317,0.6936363636363636
LB,Abilene.gml,500,0,5,45,0.7624903791004535,0.6493177869810404,0.27846825919839924,0.6963636363636363
LB,Abilene.gml,500,0,5,46,0.7650034809154302,0.6501784040443015,0.2790425493338892,0.6990909090909091
LB,Abilene.gml,500,0,5,47,0.764030021908793,0.6509948779458999,0.27964468629529904,0.6990909090909091
LB,Abilene.gml,500,0,5,48,0.7447315999967465,0.6517852165093982,0.28027472751164223,0.6927272727272727
LB,Abilene.gml,500,0,5,49,0.7444295623875475,0.6532778549435482,0.28035901703898713,0.6936363636363636
LB,Abilene.gml,500,0,6,0,0.8234206190289416,0.5703191459530488,0.26322943065367194,0.6463636363636364
LB,Abilene.gml,500,0,6,1,0.8327910146648957,0.5866235240839492,0.2630267843136675,0.6609090909090909
LB,Abilene.gml,500,0,6,2,0.8325734060270578,0.5867635705471647,0.26285046091672837,0.66
LB,Abilene.gml,500,0,6,3,0.8325766998276031,0.589068166592721,0.26270044019822064,0.6663636363636363
LB,Abilene.gml,500,0,6,4,0.8325429421269842,0.5910380084066333,0.26257670452580467,0.6672727272727274
LB,Abilene.gml,500,0,6,5,0.8325149848930579,0.5930539445284145,0.26247923889740843,0.6690909090909091
LB,Abilene.gml,500,0,6,6,0.832485383937385,0.5950548650931612,0.26240803093946474,0.6690909090909091
LB,Abilene.gml,500,0,6,7,0.8324554852902551,0.5970504136256006,0.2623630709054109,0.6727272727272727
LB,Abilene.gml,500,0,6,8,0.832425027878882,0.5990385577695512,0.26234435167445086,0.6727272727272727
LB,Abilene.gml,500,0,6,9,0.832394007015409,0.6010192438918609,0.26235186875058153,0.6754545454545453
LB,Abilene.gml,500,0,6,10,0.8323623348947428,0.6029920804332725,0.26238562026187956,0.6763636363636363
LB,Abilene.gml,500,0,6,11,0.8323298946672476,0.6049567389439214,0.26244560696005265,0.6790909090909092
LB,Abilene.gml,500,0,6,12,0.8322965175553111,0.6069128839911847,0.26253183222025195,0.6809090909090909
LB,Abilene.gml,500,0,6,13,0.8322619655377991,0.6088601859357182,0.2626443020411472,0.6836363636363636
LB,Abilene.gml,500,0,6,14,0.8322258994188764,0.610798318969189,0.2627830250452645,0.6854545454545454
LB,Abilene.gml,500,0,6,15,0.8321878259890784,0.6127269617943347,0.26294801247958594,0.6872727272727273
LB,Abilene.gml,500,0,6,16,0.8321470055641459,0.6146457978276534,0.26313927821641186,0.6881818181818182
LB,Abilene.gml,500,0,6,17,0.8321022810694995,0.6165545154875486,0.2633568387544858,0.6909090909090909
LB,Abilene.gml,500,0,6,18,0.8320517381035454,0.6184528084656741,0.26360071322038137,0.6927272727272727
LB,Abilene.gml,500,0,6,19,0.8319919610717407,0.6203403759997905,0.2638709233701524,0.6927272727272727
LB,Abilene.gml,500,0,6,20,0.8319161806577088,0.622216923144533,0.2641674935912454,0.6945454545454546
LB,Abilene.gml,500,0,6,21,0.8318087158438859,0.6240821610404758,0.2644904509046755,0.6954545454545454
LB,Abilene.gml,500,0,6,22,0.8316224962400565,0.6258251016740102,0.2648398249674646,0.6981818181818181
LB,Abilene.gml,500,0,6,23,0.831112050696408,0.6273734415119853,0.2652156480753443,0.7
LB,Abilene.gml,500,0,6,24,0.8127273024149101,0.6289082278410084,0.26561795516572073,0.6945454545454546
LB,Abilene.gml,500,0,6,25,0.7845678532459316,0.630350335656619,0.2660467838209046,0.6863636363636364
LB,Abilene.gml,500,0,6,26,0.7836880293986167,0.6310972525006807,0.2665021742716051,0.6863636363636364
LB,Abilene.gml,500,0,6,27,0.783457691447666,0.6315929705646245,0.2669841694006877,0.6872727272727273
LB,Abilene.gml,500,0,6,28,0.7833261696350537,0.6320770160918826,0.2674928147471975,0.6872727272727273
LB,Abilene.gml,500,0,6,29,0.7832236531488228,0.6325514379380192,0.26802815851064726,0.6881818181818182
LB,Abilene.gml,500,0,6,30,0.7831206267996838,0.633015562912525,0.2685902515555718,0.69
LB,Abilene.gml,500,0,6,31,0.7829802856025349,0.6334692773509558,0.2691791474163474,0.6890909090909091
LB,Abilene.gml,500,0,6,32,0.7826627306187851,0.6339123694274655,0.26979490230227854,0.69
LB,Abilene.gml,500,0,6,33,0.775701125196408,0.6343446536290295,0.2704375751029514,0.6890909090909091
LB,Abilene.gml,500,0,6,34,0.7608620229010744,0.6363605518431784,0.2706974234007739,0.6845454545454545
LB,Abilene.gml,500,0,6,35,0.7581659502567429,0.6384331336020579,0.27098431545610674,0.6854545454545454
LB,Abilene.gml,500,0,6,36,0.7573842072142619,0.640473814480308,0.27129827725377964,0.6872727272727274
LB,Abilene.gml,500,0,6,37,0.7568125015342922,0.64250769249444,0.27160842504735383,0.6890909090909091
LB,Abilene.gml,500,0,6,38,0.7566038240431567,0.644491388541187,0.27194570266865337,0.6909090909090909
LB,Abilene.gml,500,0,6,39,0.7565244060010564,0.6464467301590514,0.2723101411324577,0.6909090909090909
LB,Abilene.gml,500,0,6,40,0.7564985117559778,0.6484203193431013,0.27271308296681007,0.6936363636363635
LB,Abilene.gml,500,0,6,41,0.7565843019918094,0.6503516669408849,0.27312541690935815,0.6945454545454546
LB,Abilene.gml,500,0,6,42,0.7570960354211724,0.6522271890093676,0.2735650221602029,0.6945454545454546
LB,Abilene.gml,500,0,6,43,0.7721760227991227,0.6540730054407591,0.2740319399527386,0.7018181818181817
LB,Abilene.gml,500,0,6,44,0.7731099904522238,0.6559867714875173,0.27452446414240683,0.7045454545454546
LB,Abilene.gml,500,0,6,45,0.7728992157161403,0.6575716526087757,0.27504439152607035,0.7036363636363636
LB,Abilene.gml,500,0,6,46,0.7656318978632697,0.6585975287821427,0.2755917713561482,0.7036363636363636
LB,Abilene.gml,500,0,6,47,0.7654823929283512,0.6602662847601142,0.27563804055969016,0.7054545454545454
LB,Abilene.gml,500,0,6,48,0.7654580360498603,0.6614223434362432,0.276210835023277,0.7054545454545454
LB,Abilene.gml,500,0,6,49,0.7653160940264427,0.6629513995129724,0.27630046285816334,0.7081818181818181
LB,Abilene.gml,500,0,7,0,0.8233868988370342,0.5664396482045875,0.2659217680579451,0.6436363636363636
LB,Abilene.gml,500,0,7,1,0.8327460998314596,0.582331334120449,0.2657244486731287,0.6581818181818182
LB,Abilene.gml,500,0,7,2,0.8325333592023113,0.5825092496200374,0.265553721465118,0.6581818181818182
LB,Abilene.gml,500,0,7,3,0.8325363219877335,0.5847647057858635,0.26540956670197463,0.66
LB,Abilene.gml,500,0,7,4,0.8325029561592903,0.5866987967518584,0.26529196731097787,0.6636363636363636
LB,Abilene.gml,500,0,7,5,0.8324748033388865,0.5886768841000024,0.26520090887665115,0.6663636363636363
LB,Abilene.gml,500,0,7,6,0.8324447360597752,0.5906402485129504,0.2651363796390556,0.6681818181818182
LB,Abilene.gml,500,0,7,7,0.8324140361638364,0.5925981685479164,0.26509837049234775,0.6690909090909091
LB,Abilene.gml,500,0,7,8,0.8323824175915423,0.5945486782993361,0.2650868749836037,0.6709090909090909
LB,Abilene.gml,500,0,7,9,0.8323498063218085,0.5964917217308056,0.2651018893119089,0.6727272727272727
LB,Abilene.gml,500,0,7,10,0.8323160065802739,0.5984269161632546,0.2651434123277126,0.6736363636363636
LB,Abilene.gml,500,0,7,11,0.8322807336770569,0.6003539402219102,0.26521144553244735,0.6745454545454544
LB,Abilene.gml,500,0,7,12,0.832243558146536,0.6022724659110689,0.26530599307841496,0.6781818181818181
LB,Abilene.gml,500,0,7,13,0.8322038262084438,0.6041821710219322,0.2654270617689358,0.6781818181818181
LB,Abilene.gml,500,0,7,14,0.8321605069407383,0.6060827372283055,0.2655746610587645,0.6809090909090909
LB,Abilene.gml,500,0,7,15,0.8321118865158624,0.6079738507523443,0.26574880305477,0.6845454545454545
LB,Abilene.gml,500,0,7,16,0.8320548928103915,0.6098552025651998,0.26594950251688143,0.6863636363636364
LB,Abilene.gml,500,0,7,17,0.8319833906650548,0.6117264886709793,0.2661767768592983,0.6863636363636364
LB,Abilene.gml,500,0,7,18,0.8318829533191362,0.6135874103742249,0.2664306461519669,0.6872727272727273
LB,Abilene.gml,500,0,7,19,0.8317088750196199,0.6154376745488027,0.2667111331223215,0.6918181818181819
LB,Abilene.gml,500,0,7,20,0.831208827123313,0.6172769939046692,0.26701826315729116,0.6927272727272727
LB,Abilene.gml,500,0,7,21,0.812156319279212,0.6189758955073912,0.2673520643055731,0.6881818181818182
LB,Abilene.gml,500,0,7,22,0.8084172314453788,0.6205054044641366,0.2677125672801708,0.6872727272727274
LB,Abilene.gml,500,0,7,23,0.8078131667080659,0.6220217653928118,0.268099805461199,0.6881818181818182
LB,Abilene.gml,500,0,7,24,0.7841198354353128,0.6234452124535547,0.26851381489895526,0.6809090909090909
LB,Abilene.gml,500,0,7,25,0.7835058620065958,0.6241144717741115,0.26895463431725763,0.6818181818181818
LB,Abilene.gml,500,0,7,26,0.7833551827225608,0.6246033743403041,0.2694223051170499,0.6818181818181818
LB,Abilene.gml,500,0,7,27,0.7832595552637094,0.6250811058360374,0.26991687138027387,0.6827272727272727
LB,Abilene.gml,500,0,7,28,0.7831765013159372,0.6255496255438461,0.2704383798740096,0.6827272727272727
LB,Abilene.gml,500,0,7,29,0.7830859525287462,0.6260082742171371,0.2709868800548833,0.6827272727272727
LB,Abilene.gml,500,0,7,30,0.7829575986530934,0.6264569328456246,0.2715624240737445,0.6845454545454545
LB,Abilene.gml,500,0,7,31,0.7829072034957286,0.628451935709228,0.27177189361990955,0.6854545454545454
LB,Abilene.gml,500,0,7,32,0.7825923374119058,0.6289728101895439,0.27239101890954526,0.6854545454545454
LB,Abilene.gml,500,0,7,33,0.7715041577683948,0.6293910768137818,0.2730373213885429,0.6827272727272727
LB,Abilene.gml,500,0,7,34,0.7594341677414316,0.6313727315331242,0.27330705653377385,0.6809090909090908
LB,Abilene.gml,500,0,7,35,0.7578040788956134,0.6334082061810925,0.27360409541114367,0.6818181818181818
LB,Abilene.gml,500,0,7,36,0.7568674748196088,0.6353840906524343,0.2739102173032946,0.6836363636363636
LB,Abilene.gml,500,0,7,37,0.7566751415187546,0.6373622348449484,0.27425532178725737,0.6845454545454545
LB,Abilene.gml,500,0,7,38,0.7565672802643758,0.6393413674546001,0.27462781729295044,0.6863636363636364
LB,Abilene.gml,500,0,7,39,0.7564354659343118,0.6412678183297073,0.27500286761866866,0.6872727272727273
LB,Abilene.gml,500,0,7,40,0.7563447722750546,0.6431436476253412,0.27540538072611603,0.689090909090909
LB,Abilene.gml,500,0,7,41,0.7562445089953066,0.6450618654408395,0.27584701397827577,0.6918181818181818
LB,Abilene.gml,500,0,7,42,0.7561711331316663,0.6469170992201849,0.2762979455513958,0.6936363636363637
LB,Abilene.gml,500,0,7,43,0.7560080449118417,0.6487038297526516,0.2767764618259137,0.6936363636363637
LB,Abilene.gml,500,0,7,44,0.7546137392146467,0.6503486342315737,0.27728260789498677,0.6945454545454546
LB,Abilene.gml,500,0,7,45,0.7492879204687598,0.6515320301860791,0.2778164316102424,0.6945454545454545
LB,Abilene.gml,500,0,7,46,0.7645356145729276,0.6526572816913915,0.27837798358628746,0.7009090909090908
LB,Abilene.gml,500,0,7,47,0.7652041637104428,0.6535829337259026,0.2789524534364094,0.7018181818181819
LB,Abilene.gml,500,0,7,48,0.7652274014777376,0.6544459739089669,0.2795547610848901,0.7018181818181818
LB,Abilene.gml,500,0,7,49,0.7645889422769628,0.6559466071874064,0.2796345737771824,0.7018181818181818
LB,Abilene.gml,500,0,8,0,0.8233644760291292,0.571797247710634,0.2638075932223077,0.6472727272727273
LB,Abilene.gml,500,0,8,1,0.8326497843002332,0.5878964275623969,0.2636281666241053,0.6618181818181819
LB,Abilene.gml,500,0,8,2,0.8323740595054943,0.5881120927045558,0.26347512078522517,0.660909090909091
LB,Abilene.gml,500,0,8,3,0.8324311431388559,0.5903944505009234,0.2633484377630074,0.6672727272727274
LB,Abilene.gml,500,0,8,4,0.8324140889309208,0.592351062291909,0.26324810225286827,0.6690909090909091
LB,Abilene.gml,500,0,8,5,0.8323974213380232,0.5943519581512627,0.26317410158650534,0.6690909090909091
LB,Abilene.gml,500,0,8,6,0.8323748452383891,0.5963374940389978,0.2631264257303678,0.6718181818181818
LB,Abilene.gml,500,0,8,7,0.8323493535655234,0.5983171823150296,0.2631050672843888,0.6727272727272727
LB,Abilene.gml,500,0,8,8,0.832321378457792,0.6002889981367716,0.2631100214809829,0.6754545454545453
LB,Abilene.gml,500,0,8,9,0.8322912523372462,0.602252892389824,0.26314128618430543,0.6754545454545453
LB,Abilene.gml,500,0,8,10,0.8322589724916252,0.6042084757226792,0.2631988618897761,0.6790909090909092
LB,Abilene.gml,500,0,8,11,0.8322242940461441,0.6061554232053091,0.2632827517238651,0.6790909090909092
LB,Abilene.gml,500,0,8,12,0.8321866697995577,0.6080934030031991,0.26339296144414315,0.6827272727272727
LB,Abilene.gml,500,0,8,13,0.8321451037788186,0.6100220894751159,0.2635294994395936,0.6836363636363636
LB,Abilene.gml,500,0,8,14,0.8320978103011758,0.6119411611408873,0.26369237673118845,0.6872727272727273
LB,Abilene.gml,500,0,8,15,0.832041410329105,0.6138503013805683,0.2638816069727272,0.6881818181818182
LB,Abilene.gml,500,0,8,16,0.8319687816432484,0.6157491986366573,0.2640972064519391,0.6890909090909092
LB,Abilene.gml,500,0,8,17,0.8318619605995273,0.6176375467055611,0.26433919409184836,0.6918181818181819
LB,Abilene.gml,500,0,8,18,0.8316584835553417,0.6195150450111495,0.2646075914524027,0.6927272727272727
LB,Abilene.gml,500,0,8,19,0.8308808297472261,0.621381398879696,0.26490242273236625,0.6927272727272727
LB,Abilene.gml,500,0,8,20,0.8097279417649172,0.6232363198123836,0.26522371477147505,0.6890909090909092
LB,Abilene.gml,500,0,8,21,0.8084268256543514,0.6250795257557821,0.2655714970528571,0.6900000000000001
LB,Abilene.gml,500,0,8,22,0.8081657701969167,0.6268519660973069,0.2659458017057163,0.6927272727272727
LB,Abilene.gml,500,0,8,23,0.807998255614013,0.6283791777648587,0.26634666350828073,0.6927272727272727
LB,Abilene.gml,500,0,8,24,0.8077334903019476,0.6298925444240506,0.26677411989101585,0.6945454545454546
LB,Abilene.gml,500,0,8,25,0.7850492904494217,0.6313918223858521,0.26722821094010174,0.6863636363636364
LB,Abilene.gml,500,0,8,26,0.7834443759545452,0.6321135600599497,0.26770897940117666,0.6863636363636364
LB,Abilene.gml,500,0,8,27,0.7832885846090059,0.6325954350829258,0.26821647068334564,0.6872727272727273
LB,Abilene.gml,500,0,8,28,0.7832050306473864,0.6330618395034946,0.2687507328634548,0.6881818181818181
LB,Abilene.gml,500,0,8,29,0.7831394102645892,0.6335186160136146,0.26931181669063214,0.6881818181818181
LB,Abilene.gml,500,0,8,30,0.7830763314498697,0.6339649074695685,0.26989977559109596,0.6909090909090909
LB,Abilene.gml,500,0,8,31,0.7830047337366692,0.6344006465937965,0.27051466567322885,0.69
LB,Abilene.gml,500,0,8,32,0.7829052840400308,0.634825622670078,0.2711565457329208,0.6909090909090909
LB,Abilene.gml,500,0,8,33,0.782858704787587,0.6368549133504532,0.27141747183778164,0.6927272727272729
LB,Abilene.gml,500,0,8,34,0.7826540537486554,0.6373506564576372,0.27210291400873177,0.6927272727272729
LB,Abilene.gml,500,0,8,35,0.781275466954603,0.6377433317593759,0.27281549792686566,0.6927272727272726
LB,Abilene.gml,500,0,8,36,0.7568953639602867,0.6381189356894216,0.27355529213640045,0.6836363636363636
LB,Abilene.gml,500,0,8,37,0.7566758835109204,0.640118888930953,0.2738931545796467,0.6872727272727273
LB,Abilene.gml,500,0,8,38,0.756489071753649,0.6421583839460671,0.27424572732148006,0.689090909090909
LB,Abilene.gml,500,0,8,39,0.7563233167920782,0.6441862224384051,0.2746320026474689,0.69
LB,Abilene.gml,500,0,8,40,0.7524766797603184,0.6459201286915174,0.27504570254618993,0.69
LB,Abilene.gml,500,0,8,41,0.7488923482575607,0.6474308457106968,0.2754678903503397,0.6909090909090909
LB,Abilene.gml,500,0,8,42,0.7504139302386424,0.6488757303377377,0.275917582724744,0.6909090909090909
LB,Abilene.gml,500,0,8,43,0.7651070392925283,0.6502344873032677,0.27639482188818343,0.6972727272727272
LB,Abilene.gml,500,0,8,44,0.7653319949033669,0.651310444882755,0.27689963538467255,0.6981818181818181
LB,Abilene.gml,500,0,8,45,0.7653233128446982,0.6523175482922319,0.2774320883633505,0.699090909090909
LB,Abilene.gml,500,0,8,46,0.7650360010606293,0.653272120867131,0.277992231305567,0.7
LB,Abilene.gml,500,0,8,47,0.7459567221573195,0.6541983319706944,0.27858011745661976,0.6945454545454545
LB,Abilene.gml,500,0,8,48,0.7445488958827841,0.6558906571204193,0.2786136225612975,0.6945454545454545
LB,Abilene.gml,500,0,8,49,0.7444077217180566,0.6575168860869104,0.27867498567772087,0.6963636363636363
LB,Abilene.gml,500,0,9,0,0.8234230514659956,0.5700904204862338,0.264288099260174,0.6463636363636364
LB,Abilene.gml,500,0,9,1,0.8326850150242091,0.5859777427193463,0.26411396791865943,0.6609090909090909
LB,Abilene.gml,500,0,9,2,0.8324767784003729,0.586091445069884,0.2639662653870709,0.6609090909090909
LB,Abilene.gml,500,0,9,3,0.8324768418956169,0.5883402067168335,0.26384497425227416,0.6654545454545454
LB,Abilene.gml,500,0,9,4,0.8324417548962718,0.5902575960315128,0.26375007974401626,0.6672727272727274
LB,Abilene.gml,500,0,9,5,0.832412059041679,0.5922197734319234,0.26368156973318346,0.6690909090909091
LB,Abilene.gml,500,0,9,6,0.8323806032454617,0.5941663926344142,0.2636394347303251,0.6690909090909091
LB,Abilene.gml,500,0,9,7,0.8323485632431589,0.5961069759398369,0.2636236678844401,0.6718181818181818
LB,Abilene.gml,500,0,9,8,0.832315569916947,0.5980395293401793,0.263634264982028,0.6727272727272727
LB,Abilene.gml,500,0,9,9,0.8322814552236423,0.599964007359167,0.26367122444640445,0.6745454545454544
LB,Abilene.gml,500,0,9,10,0.8322459066067531,0.6018800333005497,0.2637345473372791,0.6754545454545453
LB,Abilene.gml,500,0,9,11,0.8322084747902578,0.603787292835343,0.2638242373505984,0.6781818181818181
LB,Abilene.gml,500,0,9,12,0.8321684756571677,0.6056854654264489,0.2639403008186514,0.68
LB,Abilene.gml,500,0,9,13,0.8321248267736547,0.6075742367855863,0.2640827467104394,0.6836363636363636
LB,Abilene.gml,500,0,9,14,0.8320757110128824,0.609453296967382,0.26425158663230935,0.6845454545454546
LB,Abilene.gml,500,0,9,15,0.8320178195283031,0.6113223410285508,0.26444683482885034,0.6863636363636364
LB,Abilene.gml,500,0,9,16,0.83194438594561,0.613181069224665,0.2646685081840545,0.6863636363636364
LB,Abilene.gml,500,0,9,17,0.8318388986734526,0.6150291872886998,0.26491662622274165,0.6890909090909092
LB,Abilene.gml,500,0,9,18,0.8316466994459293,0.6168664066928433,0.2651912111122471,0.6927272727272727
LB,Abilene.gml,500,0,9,19,0.8310001060838517,0.6186924449111344,0.2654922876643748,0.6927272727272727
LB,Abilene.gml,500,0,9,20,0.8101329606480128,0.6205070185266248,0.26581988333761386,0.6872727272727274
LB,Abilene.gml,500,0,9,21,0.8083635331886948,0.6220494631783396,0.2661740282396193,0.6881818181818182
LB,Abilene.gml,500,0,9,22,0.8079798757725727,0.6235492608615516,0.2665547551299585,0.6881818181818182
LB,Abilene.gml,500,0,9,23,0.8053264808912982,0.6250354156523232,0.26696209942312166,0.6890909090909091
LB,Abilene.gml,500,0,9,24,0.7835871467657148,0.6263989306347597,0.26739609919179774,0.6827272727272727
LB,Abilene.gml,500,0,9,25,0.7833625738738751,0.6269509934305583,0.2678567951704162,0.6836363636363636
LB,Abilene.gml,500,0,9,26,0.7832584544564448,0.627404741617545,0.2683442307589539,0.6836363636363636
LB,Abilene.gml,500,0,9,27,0.7831812338967243,0.6278489748452949,0.26885845202700853,0.6863636363636364
LB,Abilene.gml,500,0,9,28,0.7831093672274314,0.6282832026509827,0.26939950771813914,0.6863636363636364
LB,Abilene.gml,500,0,9,29,0.7830289078436782,0.6287072750260846,0.2699674492544724,0.6872727272727273
LB,Abilene.gml,500,0,9,30,0.7829162425747174,0.6291209899792207,0.2705623307415775,0.6863636363636364
LB,Abilene.gml,500,0,9,31,0.7826879189086831,0.6295241652137978,0.271184208973608,0.6863636363636364
LB,Abilene.gml,500,0,9,32,0.7813435628953491,0.6299166252732471,0.2718331434387128,0.6872727272727273
LB,Abilene.gml,500,0,9,33,0.7569418282218066,0.6302792548024299,0.2725091963247148,0.6790909090909091
LB,Abilene.gml,500,0,9,34,0.7567482417043212,0.6323250649439687,0.2727610015751921,0.6809090909090908
LB,Abilene.gml,500,0,9,35,0.7566397873888043,0.6344383187748875,0.27304005774530204,0.6827272727272727
LB,Abilene.gml,500,0,9,36,0.756549199256817,0.6365206437247948,0.2733463900155693,0.6836363636363636
LB,Abilene.gml,500,0,9,37,0.7564760172977291,0.6385860694888849,0.2736800262916112,0.6845454545454545
LB,Abilene.gml,500,0,9,38,0.7564123369649439,0.6406319028926413,0.27404099720665465,0.6863636363636364
LB,Abilene.gml,500,0,9,39,0.7563350545040368,0.6426339923948412,0.2744062896899538,0.6881818181818181
LB,Abilene.gml,500,0,9,40,0.7562768216241614,0.6445861484515678,0.27479898627297356,0.69
LB,Abilene.gml,500,0,9,41,0.7562190797246268,0.6464898303716283,0.27522924761518136,0.6927272727272726
LB,Abilene.gml,500,0,9,42,0.7562061173773705,0.6479746936589555,0.2756704063844549,0.6927272727272727
LB,Abilene.gml,500,0,9,43,0.7562102623751255,0.6494079625308601,0.2761390880784901,0.6936363636363636
LB,Abilene.gml,500,0,9,44,0.7563496551186856,0.6507560250546257,0.2766353368131636,0.6945454545454545
LB,Abilene.gml,500,0,9,45,0.7498835867853824,0.6518947705527093,0.27715640819574605,0.6954545454545454
LB,Abilene.gml,500,0,9,46,0.7648803188018666,0.6530791270166568,0.2777014780562545,0.7
LB,Abilene.gml,500,0,9,47,0.7647870525587938,0.653991249178026,0.27827147257580953,0.7
LB,Abilene.gml,500,0,9,48,0.74543197860818,0.6548860290611175,0.2788692372431703,0.6954545454545454
LB,Abilene.gml,500,0,9,49,0.7444194102017803,0.6564729053501981,0.2789432081406392,0.6954545454545454
