arm,topo,rate,seed,episode,step,rd,rp,th,r_mean
A1,Abilene.gml,500,2,0,0,0.7603100284864638,0.6056595139135811,0.2642502062209266,0.6527272727272727
A1,Abilene.gml,500,2,0,1,0.743884469716643,0.5242173507256361,0.26408143592315075,0.5909090909090909
A1,Abilene.gml,500,2,0,2,0.7439130493464873,0.524157651669046,0.2639147894779259,0.5909090909090909
A1,Abilene.gml,500,2,0,3,0.7439712462828432,0.5239031355920309,0.26377455117629334,0.5909090909090909
A1,Abilene.gml,500,2,0,4,0.7441389631737472,0.5236138935901371,0.2636607043536086,0.5918181818181818
A1,Abilene.gml,500,2,0,5,0.7474653552766557,0.5232897816367967,0.2635732349860415,0.5927272727272727
A1,Abilene.gml,500,2,0,6,0.7598402738714642,0.5229306649637452,0.26351213168890975,0.5981818181818181
A1,Abilene.gml,500,2,0,7,0.7600839322968376,0.5225364182885036,0.2634773857152765,0.5981818181818181
A1,Abilene.gml,500,2,0,8,0.7601598022633123,0.5221069260420698,0.2634689909548123,0.5963636363636363
A1,Abilene.gml,500,2,0,9,0.7601966027496689,0.5216420825965188,0.2634869439329195,0.5963636363636363
A1,Abilene.gml,500,2,0,10,0.7603642548989488,0.6007678635369801,0.26353124381012233,0.6509090909090909
A1,Abilene.gml,500,2,0,11,0.7602409632210555,0.5214601049155486,0.2635438639495344,0.5990909090909091
A1,Abilene.gml,500,2,0,12,0.7607070426671915,0.6005226126977331,0.263631705672388,0.6518181818181819
A1,Abilene.gml,500,2,0,13,0.7602528354741718,0.5211420760311888,0.2636878791522958,0.5990909090909091
A1,Abilene.gml,500,2,0,14,0.7602539867710422,0.5204611428370429,0.26366373964465367,0.5990909090909091
A1,Abilene.gml,500,2,0,15,0.7602576930105109,0.5198063327335283,0.2638104462053304,0.5963636363636365
A1,Abilene.gml,500,2,0,16,0.7602604594347401,0.5190336445415258,0.26398351913997165,0.5963636363636365
A1,Abilene.gml,500,2,0,17,0.7602624856536949,0.5181044034152293,0.26418297311923344,0.5963636363636365
A1,Abilene.gml,500,2,0,18,0.7602639041867782,0.5171378861185334,0.2644088254504093,0.5963636363636365
A1,Abilene.gml,500,2,0,19,0.760264803132138,0.5161341570394804,0.26466109607889693,0.5963636363636365
A1,Abilene.gml,500,2,0,20,0.7602652397448544,0.5150932952630429,0.2649398075899297,0.5954545454545456
A1,Abilene.gml,500,2,0,21,0.7602652483668622,0.5140153948934896,0.26524498521057027,0.5954545454545456
A1,Abilene.gml,500,2,0,22,0.760264844989543,0.5129005651658,0.2655766568119699,0.5954545454545456
A1,Abilene.gml,500,2,0,23,0.7602640295473511,0.5117489305473513,0.2659348529118906,0.5945454545454547
A1,Abilene.gml,500,2,0,24,0.7602627864768386,0.5105606308294349,0.2663196066774925,0.5945454545454547
A1,Abilene.gml,500,2,0,25,0.79357641474063,0.5867102413617031,0.2667309539283856,0.6536363636363637
A1,Abilene.gml,500,2,0,26,0.7933516685645917,0.5862726041813718,0.266856114534652,0.6527272727272727
A1,Abilene.gml,500,2,0,27,0.7602904404344252,0.508215183431317,0.2670079482363113,0.5936363636363636
A1,Abilene.gml,500,2,0,28,0.7602902973974657,0.5069006017766351,0.2674777006898215,0.5936363636363636
A1,Abilene.gml,500,2,0,29,0.760290023109217,0.5055499327295205,0.2679741539381554,0.5927272727272727
A1,Abilene.gml,500,2,0,30,0.7602896229154203,0.5041634056301688,0.2684973549565583,0.5927272727272727
A1,Abilene.gml,500,2,0,31,0.7602891021360747,0.5027412656431121,0.26904735339035485,0.5909090909090909
A1,Abilene.gml,500,2,0,32,0.7602768432652421,0.5014489576715051,0.2694522476230378,0.59
A1,Abilene.gml,500,2,0,33,0.7928602898214795,0.577534512131109,0.2698840465910598,0.6490909090909092
A1,Abilene.gml,500,2,0,34,0.760264575319814,0.4991350418757082,0.269986617912655,0.5890909090909091
A1,Abilene.gml,500,2,0,35,0.7602614469085961,0.4971482337121111,0.27060397648979984,0.5872727272727274
A1,Abilene.gml,500,2,0,36,0.768789962678981,0.5576820866178849,0.2712483337287361,0.6318181818181818
A1,Abilene.gml,500,2,0,37,0.7602765780818689,0.4936903924803259,0.2715962653480157,0.5872727272727274
A1,Abilene.gml,500,2,0,38,0.7602753527947376,0.4916143471325611,0.27228339960792003,0.5854545454545456
A1,Abilene.gml,500,2,0,39,0.7798118967524927,0.5692878331045184,0.2728240721152165,0.6409090909090909
A1,Abilene.gml,500,2,0,40,0.7602096455085537,0.4882933055107138,0.27333349638212306,0.5827272727272728
A1,Abilene.gml,500,2,0,41,0.7600350919641724,0.48650854235521435,0.2739210101445243,0.5827272727272728
A1,Abilene.gml,500,2,0,42,0.7471441653077036,0.48467887313034197,0.2745358572565637,0.579090909090909
A1,Abilene.gml,500,2,0,43,0.7769491803499388,0.5617651386137433,0.27532060324293167,0.6354545454545454
A1,Abilene.gml,500,2,0,44,0.7603979808970298,0.5212605139028145,0.27571053135833445,0.6127272727272728
A1,Abilene.gml,500,2,0,45,0.7447980992143641,0.4790599664289006,0.27637705413735103,0.5745454545454546
A1,Abilene.gml,500,2,0,46,0.7445054503727216,0.47675972212319184,0.27722340055053957,0.5736363636363637
A1,Abilene.gml,500,2,0,47,0.7445224515325165,0.47476735190438757,0.277935357780454,0.5727272727272728
A1,Abilene.gml,500,2,0,48,0.7734823480631199,0.47233223931849344,0.2786750373504235,0.5790909090909091
A1,Abilene.gml,500,2,0,49,0.7764160469079818,0.4701106533090755,0.279442510456171,0.5781818181818182
A1,Abilene.gml,500,2,1,0,0.7438658122773063,0.5276284300133894,0.2632392680411702,0.5945454545454546
A1,Abilene.gml,500,2,1,1,0.7438768800931286,0.5277774156094467,0.2630605518576293,0.5945454545454546
A1,Abilene.gml,500,2,1,2,0.7438944856454381,0.5275727279763553,0.2629081596008925,0.5936363636363636
A1,Abilene.gml,500,2,1,3,0.7603254810743973,0.6070968457389442,0.2627820733993415,0.6536363636363637
A1,Abilene.gml,500,2,1,4,0.7442514998812088,0.527909595360653,0.2626628942018509,0.5954545454545455
A1,Abilene.gml,500,2,1,5,0.7575224507381036,0.5276048779734106,0.2625802660867365,0.5981818181818181
A1,Abilene.gml,500,2,1,6,0.7599419343377799,0.527265031473616,0.26252390426104244,0.5990909090909091
A1,Abilene.gml,500,2,1,7,0.7601147634319596,0.5268899259602352,0.2624938004619569,0.600909090909091
A1,Abilene.gml,500,2,1,8,0.7601776497058588,0.5264794410200226,0.2624899490532976,0.6018181818181818
A1,Abilene.gml,500,2,1,9,0.7602101779285761,0.5260334659535955,0.2625123470246844,0.6027272727272727
A1,Abilene.gml,500,2,1,10,0.7603893446698877,0.6038785844386431,0.2625609939909765,0.6536363636363637
A1,Abilene.gml,500,2,1,11,0.7602510680415627,0.5259039642902203,0.26257093169664497,0.6018181818181818
A1,Abilene.gml,500,2,1,12,0.7602573006490203,0.5253548926419298,0.2626629571679129,0.6018181818181818
A1,Abilene.gml,500,2,1,13,0.7602620134049094,0.5247699121276969,0.26278123973235035,0.6018181818181818
A1,Abilene.gml,500,2,1,14,0.7602656188802766,0.5241489632035846,0.26292578859250465,0.6027272727272729
A1,Abilene.gml,500,2,1,15,0.7602683815172963,0.5234690486706672,0.2630966155766321,0.601818181818182
A1,Abilene.gml,500,2,1,16,0.7602704767630523,0.5225785874761875,0.2632937351396189,0.600909090909091
A1,Abilene.gml,500,2,1,17,0.7602720244120422,0.5216506389931156,0.2635171643641633,0.600909090909091
A1,Abilene.gml,500,2,1,18,0.7602731066055377,0.5206854641440434,0.2637669229622217,0.6000000000000001
A1,Abilene.gml,500,2,1,19,0.7602737794907944,0.5196831214977614,0.2640430332767165,0.6000000000000001
A1,Abilene.gml,500,2,1,20,0.7602740801539111,0.5186436841649773,0.26434552028350755,0.5990909090909091
A1,Abilene.gml,500,2,1,21,0.7602740308541314,0.5175672399294485,0.2646744115936262,0.5981818181818183
A1,Abilene.gml,500,2,1,22,0.8094201767113894,0.5928078824275924,0.2650297374557733,0.6636363636363636
A1,Abilene.gml,500,2,1,23,0.7602671096131133,0.5159532581201218,0.2652548956099612,0.5981818181818183
A1,Abilene.gml,500,2,1,24,0.7943904305315946,0.5913825232951321,0.2656539578440162,0.6572727272727273
A1,Abilene.gml,500,2,1,25,0.7602827337951331,0.5142630293195585,0.26576813877194994,0.5972727272727274
A1,Abilene.gml,500,2,1,26,0.7602819252661813,0.5130111146382457,0.2662095108986567,0.5972727272727274
A1,Abilene.gml,500,2,1,27,0.7602808874335075,0.5117228349430298,0.2666774598392406,0.5945454545454547
A1,Abilene.gml,500,2,1,28,0.7602796037513394,0.5103983822990051,0.26717202973091453,0.5945454545454547
A1,Abilene.gml,500,2,1,29,0.7602780513476909,0.5090379642521377,0.26769326736857235,0.5936363636363637
A1,Abilene.gml,500,2,1,30,0.7931388882593342,0.5836289350954961,0.2682412222092032,0.6536363636363637
A1,Abilene.gml,500,2,1,31,0.7602933953072374,0.5067182495639028,0.2684612599227186,0.5936363636363637
A1,Abilene.gml,500,2,1,32,0.7602930420815927,0.504808019111048,0.26905189726693934,0.5918181818181818
A1,Abilene.gml,500,2,1,33,0.7688238098619046,0.5640070776465728,0.2694748982277691,0.6354545454545454
A1,Abilene.gml,500,2,1,34,0.7602933918125792,0.5020312995515472,0.2697736164383127,0.5918181818181818
A1,Abilene.gml,500,2,1,35,0.7602774304991876,0.5004997150934052,0.2702373810303254,0.5909090909090909
A1,Abilene.gml,500,2,1,36,0.7928438250709021,0.5763194529530286,0.2709048764055466,0.649090909090909
A1,Abilene.gml,500,2,1,37,0.7603015877628022,0.49716599342837314,0.2712157823649061,0.5909090909090909
A1,Abilene.gml,500,2,1,38,0.7603046748703008,0.4950789520575526,0.27192648263506,0.5890909090909091
A1,Abilene.gml,500,2,1,39,0.7603098402701935,0.4929582265480088,0.2726643044834503,0.5872727272727274
A1,Abilene.gml,500,2,1,40,0.7602948519410976,0.49126789816953575,0.2732132216731927,0.5863636363636364
A1,Abilene.gml,500,2,1,41,0.7602547760322212,0.4895310865677888,0.2737894052933835,0.5863636363636364
A1,Abilene.gml,500,2,1,42,0.7770237251447033,0.566275605059758,0.2743929102357416,0.6409090909090908
A1,Abilene.gml,500,2,1,43,0.7601973019491091,0.4867097135464656,0.27459635185446085,0.5845454545454545
A1,Abilene.gml,500,2,1,44,0.7769721690727626,0.563268105604627,0.27524360679818094,0.639090909090909
A1,Abilene.gml,500,2,1,45,0.7604003235037776,0.4833526543058397,0.27565780003371376,0.5836363636363636
A1,Abilene.gml,500,2,1,46,0.7622779602997497,0.481051145817263,0.27651585002650036,0.5827272727272726
A1,Abilene.gml,500,2,1,47,0.7920750516431224,0.4784850805493258,0.27740146579929026,0.5890909090909091
A1,Abilene.gml,500,2,1,48,0.7914222131630424,0.47594908577229217,0.2783147331570829,0.5890909090909091
A1,Abilene.gml,500,2,1,49,0.7769627603736164,0.55054163051706,0.2792557406614554,0.6309090909090909
A1,Abilene.gml,500,2,2,0,0.7851879884063433,0.6779534621754447,0.26349515001114066,0.7118181818181818
A1,Abilene.gml,500,2,2,1,0.7438567158173478,0.5275720822919395,0.26321360811024613,0.5945454545454546
A1,Abilene.gml,500,2,2,2,0.7438646521367853,0.5273457983201412,0.2630804452790778,0.5954545454545455
A1,Abilene.gml,500,2,2,3,0.7438763693958257,0.5270842609693822,0.26297360380872054,0.5954545454545455
A1,Abilene.gml,500,2,2,4,0.7438944148954683,0.5267873204456505,0.2628930703828911,0.5945454545454546
A1,Abilene.gml,500,2,2,5,0.7439246642917734,0.526454836431722,0.26283883431744254,0.5954545454545455
A1,Abilene.gml,500,2,2,6,0.7439840929152951,0.5260866783161599,0.26281088755903226,0.5945454545454546
A1,Abilene.gml,500,2,2,7,0.7441497265650532,0.5256827254222315,0.2628092246840538,0.5954545454545455
A1,Abilene.gml,500,2,2,8,0.7467479492913222,0.5252428672364511,0.26283384289783124,0.5972727272727274
A1,Abilene.gml,500,2,2,9,0.7598209721545924,0.5247670036364319,0.2628847420340771,0.6000000000000001
A1,Abilene.gml,500,2,2,10,0.7284722645590254,0.5030982562576374,0.26296192455461265,0.5763636363636363
A1,Abilene.gml,500,2,2,11,0.7600533397590137,0.5239307222294665,0.2630539592708845,0.600909090909091
A1,Abilene.gml,500,2,2,12,0.7603811692902116,0.6004836068883351,0.26317371635577713,0.6518181818181819
A1,Abilene.gml,500,2,2,13,0.7602213035097818,0.5236017798894222,0.2632111784953916,0.600909090909091
A1,Abilene.gml,500,2,2,14,0.7602354685434343,0.5229584029601165,0.26337452089861907,0.600909090909091
A1,Abilene.gml,500,2,2,15,0.7602452691872105,0.5222784723232943,0.26356418441969615,0.6000000000000001
A1,Abilene.gml,500,2,2,16,0.7602523252082016,0.5215619630576979,0.26378018539286296,0.600909090909091
A1,Abilene.gml,500,2,2,17,0.7602575223950102,0.5208088625530441,0.26402254278447185,0.600909090909091
A1,Abilene.gml,500,2,2,18,0.7602613849721993,0.5200187502855405,0.26429127819462,0.5990909090909091
A1,Abilene.gml,500,2,2,19,0.7602642400667231,0.5190148102975439,0.2645864158590466,0.5990909090909091
A1,Abilene.gml,500,2,2,20,0.7602663005100031,0.5179533982011194,0.2649079826512927,0.5981818181818183
A1,Abilene.gml,500,2,2,21,0.7602677071413765,0.5168543709310315,0.26525600808512456,0.5972727272727274
A1,Abilene.gml,500,2,2,22,0.8094434064926213,0.5911561719998915,0.26563052431722173,0.6627272727272727
A1,Abilene.gml,500,2,2,23,0.7602636860396088,0.5151938757871849,0.2658503295688143,0.5972727272727274
A1,Abilene.gml,500,2,2,24,0.7602628053262227,0.5139811218245346,0.26626878566761436,0.5963636363636365
A1,Abilene.gml,500,2,2,25,0.7602614252567549,0.5127313132767959,0.26671382679937133,0.5972727272727274
A1,Abilene.gml,500,2,2,26,0.7602595075690058,0.5114446355998415,0.26718549480969506,0.5972727272727274
A1,Abilene.gml,500,2,2,27,0.7930519256632916,0.5853613645281758,0.26768383420269865,0.6545454545454545
A1,Abilene.gml,500,2,2,28,0.7602799934230355,0.5095201834654572,0.2678527736583982,0.5963636363636365
A1,Abilene.gml,500,2,2,29,0.760279196572936,0.5081329986541534,0.26839392098959514,0.5954545454545456
A1,Abilene.gml,500,2,2,30,0.7931677796028981,0.5817775211064539,0.268961853598158,0.6527272727272728
A1,Abilene.gml,500,2,2,31,0.7602676422679859,0.5051164846149825,0.2693272059254759,0.5918181818181818
A1,Abilene.gml,500,2,2,32,0.7602355896449108,0.5036192433325561,0.2697723717178771,0.5918181818181818
A1,Abilene.gml,500,2,2,33,0.7601602197100669,0.502072127320382,0.270244470230871,0.5918181818181818
A1,Abilene.gml,500,2,2,34,0.7598172629547304,0.5004757472475636,0.27074354598103656,0.5909090909090909
A1,Abilene.gml,500,2,2,35,0.7594020842417716,0.49843441102343833,0.27140731854815375,0.5909090909090909
A1,Abilene.gml,500,2,2,36,0.7561522916374304,0.49635829411241517,0.27209816546986904,0.5890909090909091
A1,Abilene.gml,500,2,2,37,0.7454388779773122,0.4942479453644799,0.27281615312343915,0.5827272727272726
A1,Abilene.gml,500,2,2,38,0.7441583238294257,0.4925159709453204,0.273394238467414,0.5827272727272726
A1,Abilene.gml,500,2,2,39,0.7440738015197106,0.4907377185375586,0.2739996054267013,0.5827272727272726
A1,Abilene.gml,500,2,2,40,0.7441012037501241,0.48891392769090025,0.2746323118098353,0.5827272727272726
A1,Abilene.gml,500,2,2,41,0.7442912752422473,0.48704536216933453,0.2752924181535119,0.5818181818181818
A1,Abilene.gml,500,2,2,42,0.7448736700876275,0.48544039145067597,0.2757307986288955,0.58
A1,Abilene.gml,500,2,2,43,0.7759665599336973,0.4831692700904922,0.2765614579525443,0.5872727272727274
A1,Abilene.gml,500,2,2,44,0.776559727721907,0.48086728152696295,0.2774196903560559,0.5863636363636364
A1,Abilene.gml,500,2,2,45,0.7766670563031105,0.4785351142515109,0.27830557890536284,0.5827272727272728
A1,Abilene.gml,500,2,2,46,0.7766865816289253,0.4763858190599058,0.2790604156590014,0.5827272727272728
A1,Abilene.gml,500,2,2,47,0.7766641917049912,0.4741347389678818,0.2798430829705306,0.5827272727272728
A1,Abilene.gml,500,2,2,48,0.7768532993870246,0.5489431019197757,0.28065365632362566,0.6272727272727272
A1,Abilene.gml,500,2,2,49,0.7730259508374853,0.4698163654392129,0.28136282087259457,0.5790909090909091
A1,Abilene.gml,500,2,3,0,0.7768631044721424,0.582542294967869,0.263893182223706,0.6409090909090909
A1,Abilene.gml,500,2,3,1,0.7438519839650438,0.5252853558362766,0.26362045782161886,0.5927272727272727
A1,Abilene.gml,500,2,3,2,0.7438549291416308,0.5251368615778428,0.26344663851943345,0.5927272727272727
A1,Abilene.gml,500,2,3,3,0.7438594985300807,0.5249538599490363,0.2632991812630301,0.5918181818181817
A1,Abilene.gml,500,2,3,4,0.7438661534562346,0.5247361793332224,0.2631780686704788,0.5927272727272727
A1,Abilene.gml,500,2,3,5,0.7438757741913457,0.5244836568368599,0.26308328599605385,0.5936363636363636
A1,Abilene.gml,500,2,3,6,0.7438900700294478,0.5241961385211967,0.26301482112849583,0.5936363636363636
A1,Abilene.gml,500,2,3,7,0.7439126753674934,0.5238734796349012,0.2629726645895375,0.5936363636363636
A1,Abilene.gml,500,2,3,8,0.7686440004285718,0.5865641578533579,0.2629568095326919,0.6472727272727273
A1,Abilene.gml,500,2,3,9,0.743898160130743,0.5239870794351073,0.26289583277754547,0.5963636363636363
A1,Abilene.gml,500,2,3,10,0.7603510365946318,0.6011148673347194,0.26292153819671604,0.6509090909090909
A1,Abilene.gml,500,2,3,11,0.7442296778802402,0.523995941154343,0.26287111229308485,0.5954545454545455
A1,Abilene.gml,500,2,3,12,0.7562193833304761,0.5235402655158268,0.26294033934776756,0.5981818181818183
A1,Abilene.gml,500,2,3,13,0.7599303321484423,0.5230487713366645,0.26303585351367953,0.6000000000000001
A1,Abilene.gml,500,2,3,14,0.7603963771545115,0.5993916448967828,0.26315766171352634,0.6518181818181819
A1,Abilene.gml,500,2,3,15,0.7602193315366368,0.522785266473094,0.26318523420251894,0.6000000000000001
A1,Abilene.gml,500,2,3,16,0.7602373103868878,0.5221896193592512,0.2633505811702609,0.5990909090909091
A1,Abilene.gml,500,2,3,17,0.7602494471879685,0.5215577888485331,0.2635422466614232,0.5990909090909091
A1,Abilene.gml,500,2,3,18,0.7602581051535773,0.5208897290400547,0.26376024721070246,0.6000000000000001
A1,Abilene.gml,500,2,3,19,0.7683746580867994,0.5963062938552857,0.26400460198464787,0.6518181818181817
A1,Abilene.gml,500,2,3,20,0.7602697994717906,0.5202560394071317,0.2641275294481908,0.6000000000000001
A1,Abilene.gml,500,2,3,21,0.760272425593815,0.5192834818936917,0.264415542148206,0.5981818181818183
A1,Abilene.gml,500,2,3,22,0.7602744229926398,0.5182722114329579,0.26472996760116607,0.5972727272727274
A1,Abilene.gml,500,2,3,23,0.7602759065409127,0.5172233742119908,0.26507083460834086,0.5990909090909091
A1,Abilene.gml,500,2,3,24,0.7602769571682224,0.5161370681886619,0.2654381746122759,0.5981818181818183
A1,Abilene.gml,500,2,3,25,0.8095102838983059,0.590594097082898,0.2658320216996717,0.6609090909090909
A1,Abilene.gml,500,2,3,26,0.7602730038415767,0.514460705817064,0.26606806114009357,0.5990909090909091
A1,Abilene.gml,500,2,3,27,0.7602724211649412,0.5132611827655753,0.26650585300811386,0.5972727272727274
A1,Abilene.gml,500,2,3,28,0.7602715014812396,0.5120247190815328,0.26697025168224825,0.5972727272727274
A1,Abilene.gml,500,2,3,29,0.7602702302076739,0.5107514908964083,0.2674613009416833,0.5972727272727274
A1,Abilene.gml,500,2,3,30,0.7931609827866803,0.584815165463955,0.2679790472262866,0.6527272727272728
A1,Abilene.gml,500,2,3,31,0.7602562090548975,0.5086828187154983,0.26831160643130625,0.5945454545454546
A1,Abilene.gml,500,2,3,32,0.7602161538315939,0.5077148213486433,0.2687291095161087,0.5936363636363636
A1,Abilene.gml,500,2,3,33,0.7601132446866689,0.5064263307123891,0.2691734437615543,0.5936363636363636
A1,Abilene.gml,500,2,3,34,0.7521084800896279,0.5049008259570696,0.2696446509179515,0.5909090909090908
A1,Abilene.gml,500,2,3,35,0.7443399632891211,0.5033258351662181,0.27014277541872483,0.5881818181818181
A1,Abilene.gml,500,2,3,36,0.7442092858779268,0.5013613188903342,0.2707732964791361,0.5881818181818181
A1,Abilene.gml,500,2,3,37,0.7441378911312536,0.49936105544821563,0.27143083181708927,0.5872727272727273
A1,Abilene.gml,500,2,3,38,0.7440979640421573,0.4973255508256498,0.2721154444846903,0.5854545454545454
A1,Abilene.gml,500,2,3,39,0.7769067554063046,0.5736005310053218,0.27269249244156935,0.6445454545454546
A1,Abilene.gml,500,2,3,40,0.7440155287367911,0.49401344285018195,0.2732025597581105,0.5836363636363637
A1,Abilene.gml,500,2,3,41,0.7440366142190767,0.49221711754240227,0.2738265109034033,0.5827272727272726
A1,Abilene.gml,500,2,3,42,0.7441298624658647,0.4903754656463809,0.27447778230467185,0.5827272727272726
A1,Abilene.gml,500,2,3,43,0.7445823822122037,0.48848924858423587,0.2751564363570309,0.5818181818181818
A1,Abilene.gml,500,2,3,44,0.7768738603669895,0.5658614477612935,0.27558633560369616,0.639090909090909
A1,Abilene.gml,500,2,3,45,0.774951976788251,0.4854804984646954,0.27592680817335996,0.5881818181818183
A1,Abilene.gml,500,2,3,46,0.7764941549269081,0.48322618379592086,0.27675909209585886,0.5881818181818183
A1,Abilene.gml,500,2,3,47,0.7766543573715112,0.4809407958097992,0.27761896869917496,0.5872727272727274
A1,Abilene.gml,500,2,3,48,0.7768711077362415,0.5571986715491639,0.2785065212117007,0.6345454545454545
A1,Abilene.gml,500,2,3,49,0.7767071437614805,0.47655800356051453,0.2791811075805075,0.5836363636363637
A1,Abilene.gml,500,2,4,0,0.7438441827506893,0.525345557367595,0.2644658087515644,0.5927272727272727
A1,Abilene.gml,500,2,4,1,0.7438466363395689,0.5252366408716049,0.2642752026781086,0.5927272727272727
A1,Abilene.gml,500,2,4,2,0.7438506969461968,0.5250936821425753,0.26411104318552786,0.5918181818181818
A1,Abilene.gml,500,2,4,3,0.7438567484386179,0.5249165046090236,0.263973311213215,0.5918181818181818
A1,Abilene.gml,500,2,4,4,0.7438655440549671,0.5247049398216411,0.2638619903452206,0.5927272727272728
A1,Abilene.gml,500,2,4,5,0.743878531840388,0.5244588276721136,0.2637770668083475,0.5936363636363636
A1,Abilene.gml,500,2,4,6,0.7438986931727495,0.5241780166136754,0.26371852947050906,0.5936363636363636
A1,Abilene.gml,500,2,4,7,0.743933088714201,0.5238623638831945,0.2636863698393514,0.5936363636363636
A1,Abilene.gml,500,2,4,8,0.7440031485013043,0.5235117357245502,0.26368058206114076,0.5936363636363636
A1,Abilene.gml,500,2,4,9,0.7442182050593676,0.5231260076130609,0.263701162919914,0.5936363636363636
A1,Abilene.gml,500,2,4,10,0.7532449739188045,0.5227050644806791,0.26374811183689345,0.5972727272727274
A1,Abilene.gml,500,2,4,11,0.7598774347886491,0.5222488009416633,0.2638214308701649,0.5990909090909091
A1,Abilene.gml,500,2,4,12,0.7600935428776837,0.5217571215184099,0.26392112471462004,0.5990909090909091
A1,Abilene.gml,500,2,4,13,0.760166873015999,0.5212299408671037,0.2640472007021621,0.5990909090909091
A1,Abilene.gml,500,2,4,14,0.760203750350536,0.5206671840028261,0.2641996688021757,0.5990909090909091
A1,Abilene.gml,500,2,4,15,0.7602257795552151,0.5200687865237421,0.2643785416222595,0.5990909090909091
A1,Abilene.gml,500,2,4,16,0.760240287429209,0.5194346948339598,0.26458383440922356,0.5990909090909091
A1,Abilene.gml,500,2,4,17,0.7610410135289206,0.5946727816353329,0.26481556505034975,0.6481818181818182
A1,Abilene.gml,500,2,4,18,0.7602607865551402,0.5189475062854699,0.26491680230799486,0.5990909090909091
A1,Abilene.gml,500,2,4,19,0.7602644601629184,0.5181953257973222,0.26519206729129424,0.5981818181818183
A1,Abilene.gml,500,2,4,20,0.760267213150816,0.5174020980065577,0.26549382395482424,0.5981818181818183
A1,Abilene.gml,500,2,4,21,0.7602692317868506,0.5164434965517434,0.26582209982508354,0.5972727272727274
A1,Abilene.gml,500,2,4,22,0.7602706420478977,0.5154054923663922,0.2661769250777382,0.5972727272727274
A1,Abilene.gml,500,2,4,23,0.8094510406937686,0.5896431660482362,0.2665583325403755,0.6609090909090909
A1,Abilene.gml,500,2,4,24,0.7602670121651541,0.5138781508705892,0.2667717050698473,0.5972727272727274
A1,Abilene.gml,500,2,4,25,0.7602662434936863,0.5127277973673315,0.2671969129774387,0.5963636363636365
A1,Abilene.gml,500,2,4,26,0.7602650116234376,0.5115408747770859,0.26764879805553715,0.5963636363636365
A1,Abilene.gml,500,2,4,27,0.7602632826631176,0.5103175353046804,0.26812740282493325,0.5972727272727274
A1,Abilene.gml,500,2,4,28,0.7602610000971555,0.5090579463742424,0.268632772474135,0.5963636363636364
A1,Abilene.gml,500,2,4,29,0.7602301837689459,0.5082632439945668,0.26898678473600396,0.5963636363636364
A1,Abilene.gml,500,2,4,30,0.7601617671948708,0.5074178928845238,0.2693676602751205,0.5954545454545456
A1,Abilene.gml,500,2,4,31,0.7598973912922801,0.5065222001280717,0.2697754344927105,0.5954545454545456
A1,Abilene.gml,500,2,4,32,0.7450083147912431,0.5054012564432674,0.2702101454763281,0.589090909090909
A1,Abilene.gml,500,2,4,33,0.7440937958200543,0.5039443692732152,0.27067183400339495,0.5881818181818181
A1,Abilene.gml,500,2,4,34,0.7440572901590446,0.5020323678595476,0.271288968095113,0.5872727272727273
A1,Abilene.gml,500,2,4,35,0.7440342442468495,0.5000843856134715,0.27193316937023143,0.5863636363636364
A1,Abilene.gml,500,2,4,36,0.7439801667768322,0.4985167119638476,0.27245625487937775,0.5863636363636364
A1,Abilene.gml,500,2,4,37,0.7439665743316286,0.49690062660256706,0.2730065337054612,0.5863636363636364
A1,Abilene.gml,500,2,4,38,0.743976830135146,0.4952367734993684,0.2735840581570325,0.5845454545454546
A1,Abilene.gml,500,2,4,39,0.769439367366468,0.5557171365465263,0.27418888326197427,0.6327272727272727
A1,Abilene.gml,500,2,4,40,0.7768685369256004,0.5696451873244434,0.27456397417931017,0.6399999999999999
A1,Abilene.gml,500,2,4,41,0.7441466149119322,0.490732429093813,0.27484617593921495,0.5827272727272726
A1,Abilene.gml,500,2,4,42,0.7446403168988383,0.48892380298045435,0.27549851678615506,0.5818181818181818
A1,Abilene.gml,500,2,4,43,0.7757199686358948,0.48675255877965545,0.2762880257626125,0.59
A1,Abilene.gml,500,2,4,44,0.7765241985621814,0.48487258177838394,0.2769854263418743,0.5890909090909091
A1,Abilene.gml,500,2,4,45,0.7766492918224319,0.4829491925263436,0.2777104557237123,0.5863636363636364
A1,Abilene.gml,500,2,4,46,0.7766945260080423,0.48069410160356213,0.2785628824522793,0.5854545454545454
A1,Abilene.gml,500,2,4,47,0.7767040539565667,0.4786058172288304,0.2793334186501009,0.5854545454545454
A1,Abilene.gml,500,2,4,48,0.7766897559703719,0.4760995421605261,0.2801318111361678,0.5827272727272728
A1,Abilene.gml,500,2,4,49,0.776630701905568,0.4738743893433558,0.2809581369640997,0.5818181818181818
A1,Abilene.gml,500,2,5,0,0.7686752026170239,0.58664359222037,0.26453320801335445,0.6436363636363637
A1,Abilene.gml,500,2,5,1,0.7438429304495348,0.5236619474634806,0.26435993876731767,0.5909090909090908
A1,Abilene.gml,500,2,5,2,0.7438438277163708,0.5235535203494509,0.2641927590855789,0.5909090909090908
A1,Abilene.gml,500,2,5,3,0.7438458280183294,0.5234110468249369,0.2640520153977168,0.5927272727272727
A1,Abilene.gml,500,2,5,4,0.7438490201773061,0.523234345146088,0.2639376909857633,0.5927272727272727
A1,Abilene.gml,500,2,5,5,0.7438536351597176,0.5230232417082354,0.2638497717753496,0.5918181818181817
A1,Abilene.gml,500,2,5,6,0.743860110419698,0.5227775712773205,0.26378824633403447,0.5927272727272727
A1,Abilene.gml,500,2,5,7,0.743869236153934,0.5224971772232266,0.2637531058698968,0.5927272727272727
A1,Abilene.gml,500,2,5,8,0.743882490691848,0.5221819117547678,0.26374434423039267,0.5927272727272727
A1,Abilene.gml,500,2,5,9,0.7439028941685565,0.5218316361560734,0.2637619579014754,0.5945454545454546
A1,Abilene.gml,500,2,5,10,0.7439376051458946,0.5214462210240866,0.2638059460069812,0.5936363636363636
A1,Abilene.gml,500,2,5,11,0.744008507959856,0.5210255465068635,0.2638763103082772,0.5936363636363636
A1,Abilene.gml,500,2,5,12,0.7442295701446919,0.5205695025423484,0.2639730552041739,0.5936363636363636
A1,Abilene.gml,500,2,5,13,0.727403628905376,0.4758544584920067,0.2640961877311014,0.5554545454545454
A1,Abilene.gml,500,2,5,14,0.7598984536467376,0.5195509164057625,0.26424571756354925,0.5972727272727274
A1,Abilene.gml,500,2,5,15,0.7601046357995471,0.5189882052073864,0.2644216570147704,0.5972727272727274
A1,Abilene.gml,500,2,5,16,0.7601757938102083,0.5183897869840035,0.26462402103774774,0.5963636363636365
A1,Abilene.gml,500,2,5,17,0.7602117609938617,0.5177556041951927,0.26485282722642656,0.5963636363636365
A1,Abilene.gml,500,2,5,18,0.760233320820279,0.5170856105116682,0.26510809581720923,0.5963636363636365
A1,Abilene.gml,500,2,5,19,0.7602475655283407,0.5163797710462447,0.2653898496907145,0.5972727272727274
A1,Abilene.gml,500,2,5,20,0.7602575778914384,0.5156380625818437,0.2656981143738015,0.5972727272727274
A1,Abilene.gml,500,2,5,21,0.7602649139147264,0.5148604737960258,0.26603291804185747,0.5981818181818183
A1,Abilene.gml,500,2,5,22,0.7932778268342467,0.5163551890709684,0.266394291521351,0.61
A1,Abilene.gml,500,2,5,23,0.7602746879448699,0.5131842115657659,0.2667822682926486,0.5954545454545456
A1,Abilene.gml,500,2,5,24,0.7602779874586679,0.5121587994002677,0.26719688449309836,0.5954545454545456
A1,Abilene.gml,500,2,5,25,0.7602805692583335,0.5110517881492529,0.2676381789203774,0.5954545454545456
A1,Abilene.gml,500,2,5,26,0.7602825958914025,0.50990789378864,0.2681061930361057,0.5945454545454546
A1,Abilene.gml,500,2,5,27,0.7686472771733538,0.5698088120008108,0.2686009709697261,0.6381818181818182
A1,Abilene.gml,500,2,5,28,0.8092577844071467,0.5818017493632547,0.26893029408651664,0.6545454545454544
A1,Abilene.gml,500,2,5,29,0.7602638146295093,0.5073483674287823,0.2692035557630409,0.5954545454545456
A1,Abilene.gml,500,2,5,30,0.7602623658513438,0.5060611707332304,0.269758854152506,0.5936363636363637
A1,Abilene.gml,500,2,5,31,0.7785489907334138,0.5791857798947456,0.2701507491500535,0.6463636363636364
A1,Abilene.gml,500,2,5,32,0.7601949368069983,0.5044247349707862,0.27048753592025876,0.5927272727272728
A1,Abilene.gml,500,2,5,33,0.7600261387915573,0.5034637356746953,0.2709257212122417,0.5918181818181818
A1,Abilene.gml,500,2,5,34,0.7494690730047214,0.5020596950202786,0.27139095525781654,0.5890909090909091
A1,Abilene.gml,500,2,5,35,0.7852569076817861,0.6432373508306454,0.2718832818755126,0.6909090909090909
A1,Abilene.gml,500,2,5,36,0.7442801825481251,0.4997085958135479,0.2719808998166162,0.5854545454545454
A1,Abilene.gml,500,2,5,37,0.7769332550390943,0.5737397287412906,0.2726540069941734,0.6436363636363637
A1,Abilene.gml,500,2,5,38,0.7440797655181222,0.4962326031049558,0.2731092712728844,0.5845454545454546
A1,Abilene.gml,500,2,5,39,0.7440730601130827,0.4941914029032748,0.2738276499634958,0.5845454545454546
A1,Abilene.gml,500,2,5,40,0.7440895854216003,0.4921156798598929,0.27457333958123437,0.5827272727272726
A1,Abilene.gml,500,2,5,41,0.7441221292655146,0.4903734698208561,0.2751801760855899,0.5818181818181818
A1,Abilene.gml,500,2,5,42,0.7443570845466251,0.48858552797795285,0.2758144699239034,0.58
A1,Abilene.gml,500,2,5,43,0.7693639320145603,0.48675258838736696,0.2764762817798256,0.5863636363636364
A1,Abilene.gml,500,2,5,44,0.7764178076462652,0.4848754090134456,0.2771656750827401,0.5890909090909091
A1,Abilene.gml,500,2,5,45,0.7768619738844269,0.5612732112597235,0.2778827160138326,0.6372727272727272
A1,Abilene.gml,500,2,5,46,0.7766731349894623,0.48115963779901316,0.2785016403118457,0.5845454545454545
A1,Abilene.gml,500,2,5,47,0.7767066383520022,0.4791628149404867,0.2792665813325454,0.5845454545454545
A1,Abilene.gml,500,2,5,48,0.7767172794501982,0.47712489722499535,0.28005937251727636,0.5845454545454545
A1,Abilene.gml,500,2,5,49,0.7767115971452526,0.4750467418092796,0.28088009036014056,0.5827272727272728
A1,Abilene.gml,500,2,6,0,0.8099003747258724,0.684288590869741,0.2621653104866153,0.7236363636363636
A1,Abilene.gml,500,2,6,1,0.7438499843761232,0.5299919834518043,0.26188669039511453,0.5963636363636363
A1,Abilene.gml,500,2,6,2,0.7438527081088232,0.5303202260955074,0.26169898856699025,0.5972727272727272
A1,Abilene.gml,500,2,6,3,0.7438567910805717,0.530601325400481,0.2615374754079055,0.5972727272727272
A1,Abilene.gml,500,2,6,4,0.7438626034470829,0.5306442575796985,0.26140213214767744,0.5981818181818181
A1,Abilene.gml,500,2,6,5,0.7603626233347304,0.5636189408618016,0.2612929426349902,0.6263636363636365
A1,Abilene.gml,500,2,6,6,0.7438627344285945,0.5301402435601423,0.2612910441416021,0.5972727272727272
A1,Abilene.gml,500,2,6,7,0.7438735098872781,0.5297832500568956,0.261224140176986,0.5963636363636363
A1,Abilene.gml,500,2,6,8,0.7438895783344545,0.5293904115492963,0.26118336531678393,0.5981818181818183
A1,Abilene.gml,500,2,6,9,0.7439155472560786,0.5289616056039763,0.2611687128705996,0.5972727272727274
A1,Abilene.gml,500,2,6,10,0.7439637966410447,0.528496720304039,0.26118017876094696,0.5972727272727274
A1,Abilene.gml,500,2,6,11,0.7440825698142269,0.5279956544847947,0.2612177615225814,0.5981818181818183
A1,Abilene.gml,500,2,6,12,0.7448243832330905,0.5274583179677221,0.261281462302092,0.5990909090909091
A1,Abilene.gml,500,2,6,13,0.7596389943512613,0.5268846317922914,0.26137128485775474,0.6027272727272729
A1,Abilene.gml,500,2,6,14,0.7600600891493708,0.5262745284452595,0.2614872355596477,0.6027272727272729
A1,Abilene.gml,500,2,6,15,0.7601604209731998,0.5256279520870413,0.2616293233900264,0.6018181818181818
A1,Abilene.gml,500,2,6,16,0.7602054590501421,0.5249448587747335,0.26179755994396126,0.600909090909091
A1,Abilene.gml,500,2,6,17,0.7602309116361439,0.5242252166813596,0.26199195943023496,0.600909090909091
A1,Abilene.gml,500,2,6,18,0.7932768437334612,0.5256289400301329,0.2622125386725031,0.6145454545454544
A1,Abilene.gml,500,2,6,19,0.7602583756504718,0.5226762207085164,0.26245931711071424,0.6018181818181818
A1,Abilene.gml,500,2,6,20,0.7602664943584351,0.5218468656658767,0.26273231680279263,0.6036363636363636
A1,Abilene.gml,500,2,6,21,0.7602725883247967,0.5209809599204382,0.2630315624265821,0.6027272727272728
A1,Abilene.gml,500,2,6,22,0.8092463188585451,0.5955832761099062,0.2633570812820519,0.6654545454545454
A1,Abilene.gml,500,2,6,23,0.7602891448154986,0.5196143939503469,0.26342490050135664,0.6027272727272728
A1,Abilene.gml,500,2,6,24,0.7602923186822014,0.5184514377914281,0.2637927847509714,0.6018181818181819
A1,Abilene.gml,500,2,6,25,0.7602949701585935,0.5172508917891598,0.2641870114906364,0.6000000000000001
A1,Abilene.gml,500,2,6,26,0.7933473393411038,0.6295324567561882,0.2646076175087764,0.6872727272727273
A1,Abilene.gml,500,2,6,27,0.7602992214895707,0.5158941554244333,0.2646419831615961,0.5981818181818183
A1,Abilene.gml,500,2,6,28,0.7603013480215508,0.514597580922911,0.26509513927910905,0.5981818181818183
A1,Abilene.gml,500,2,6,29,0.7603032964020044,0.5132638156932833,0.26557475959493826,0.5981818181818183
A1,Abilene.gml,500,2,6,30,0.7603051560922135,0.5118930819062509,0.2660808894246954,0.5972727272727274
A1,Abilene.gml,500,2,6,31,0.7603070204977352,0.5103331433099338,0.2666135767304121,0.5972727272727274
A1,Abilene.gml,500,2,6,32,0.7603089973715366,0.5084317706368169,0.26717287212507107,0.5963636363636365
A1,Abilene.gml,500,2,6,33,0.7603112231084016,0.5064935292062549,0.2677588288774032,0.5963636363636365
A1,Abilene.gml,500,2,6,34,0.7603138833407194,0.5045188868445635,0.2683715029169478,0.5927272727272727
A1,Abilene.gml,500,2,6,35,0.7603172485195047,0.5025083308452474,0.2690109528393802,0.5918181818181818
A1,Abilene.gml,500,2,6,36,0.7603217376501697,0.500462367791544,0.2696772399121042,0.5909090909090909
A1,Abilene.gml,500,2,6,37,0.7603280421756551,0.4983815233524709,0.27037042808011225,0.5909090909090909
A1,Abilene.gml,500,2,6,38,0.7603373887384546,0.496266342053787,0.2710905839721114,0.59
A1,Abilene.gml,500,2,6,39,0.7932288680029597,0.5718437926235599,0.2718377769069187,0.6454545454545455
A1,Abilene.gml,500,2,6,40,0.7603596567331565,0.4925443037773192,0.27232013346271516,0.5881818181818183
A1,Abilene.gml,500,2,6,41,0.7603787404803878,0.4907987959154481,0.2728955268882031,0.5863636363636364
A1,Abilene.gml,500,2,6,42,0.7604272206366475,0.4890073626881986,0.2734981523270374,0.5863636363636364
A1,Abilene.gml,500,2,6,43,0.7770751611081613,0.5654186550653598,0.27412806731856043,0.639090909090909
A1,Abilene.gml,500,2,6,44,0.7611905225798229,0.4857048122730576,0.27451503625991014,0.5854545454545456
A1,Abilene.gml,500,2,6,45,0.7922473312129341,0.48338697722947016,0.2753752583188382,0.5909090909090909
A1,Abilene.gml,500,2,6,46,0.7926568566698475,0.48123215511811585,0.27588436943680666,0.59
A1,Abilene.gml,500,2,6,47,0.7836108044281428,0.4789091168039091,0.276586779944822,0.5872727272727274
A1,Abilene.gml,500,2,6,48,0.7775360413079887,0.47635786713352957,0.2775113065421663,0.5854545454545454
A1,Abilene.gml,500,2,6,49,0.7770274438213776,0.4737952410377941,0.27846349181750524,0.5809090909090909
A1,Abilene.gml,500,2,7,0,0.7603091446411469,0.6061015847848549,0.26397703532700895,0.6536363636363637
A1,Abilene.gml,500,2,7,1,0.743855909974934,0.5252577099187831,0.26380892142546214,0.5927272727272727
A1,Abilene.gml,500,2,7,2,0.7438655400473497,0.5251032263549351,0.2636531164521357,0.5927272727272727
A1,Abilene.gml,500,2,7,3,0.7438812177472024,0.5249144331054595,0.2635236923709518,0.5927272727272728
A1,Abilene.gml,500,2,7,4,0.7439081117145213,0.5246911572820461,0.2634206336014131,0.5936363636363636
A1,Abilene.gml,500,2,7,5,0.7439608883308448,0.524433234539006,0.2633439272011115,0.5918181818181818
A1,Abilene.gml,500,2,7,6,0.74410228286844,0.5241405093070838,0.26329356286417005,0.5918181818181818
A1,Abilene.gml,500,2,7,7,0.7454992827744499,0.5238128350285322,0.26326953291994876,0.5927272727272727
A1,Abilene.gml,500,2,7,8,0.7597660457572072,0.5234500743931892,0.2632718323320138,0.5990909090909091
A1,Abilene.gml,500,2,7,9,0.7600697640275418,0.5230520995752687,0.26330045869737084,0.6000000000000001
A1,Abilene.gml,500,2,7,10,0.7603461718618715,0.6015372462493482,0.2633554122459611,0.6518181818181819
A1,Abilene.gml,500,2,7,11,0.7602187456922326,0.5229502606057232,0.26336791598450165,0.6000000000000001
A1,Abilene.gml,500,2,7,12,0.7602319622616787,0.5224500200465315,0.2634663099926463,0.5990909090909091
A1,Abilene.gml,500,2,7,13,0.7602411157645204,0.5219140847161455,0.2635910407923895,0.6000000000000001
A1,Abilene.gml,500,2,7,14,0.7602476940433806,0.5213423769986181,0.2637421182231319,0.6000000000000001
A1,Abilene.gml,500,2,7,15,0.7602525166885808,0.5207348302235119,0.26391955475795353,0.6000000000000001
A1,Abilene.gml,500,2,7,16,0.7602560698923384,0.5200808929711657,0.2641233655045975,0.6000000000000001
A1,Abilene.gml,500,2,7,17,0.7602586569757931,0.5193795241947415,0.2643535682067173,0.5990909090909091
A1,Abilene.gml,500,2,7,18,0.7602604730938662,0.5184820940459499,0.2646101832453875,0.5981818181818183
A1,Abilene.gml,500,2,7,19,0.8092554547220913,0.5948683825630052,0.26489323364087836,0.6636363636363636
A1,Abilene.gml,500,2,7,20,0.7602579218710727,0.517134188011752,0.26506922590759047,0.5981818181818183
A1,Abilene.gml,500,2,7,21,0.7602572835227351,0.5161053181174519,0.2653959349005272,0.5972727272727274
A1,Abilene.gml,500,2,7,22,0.7602561366277787,0.5150393900278465,0.26574915081605466,0.5972727272727274
A1,Abilene.gml,500,2,7,23,0.7602544523600653,0.5139365045822348,0.26612890632507225,0.5954545454545456
A1,Abilene.gml,500,2,7,24,0.8089233910691931,0.5898416999963891,0.2665352367491713,0.6599999999999999
A1,Abilene.gml,500,2,7,25,0.7602389370876811,0.5121947033702826,0.2668067608426892,0.5954545454545456
A1,Abilene.gml,500,2,7,26,0.760233672400706,0.5109802872627794,0.2672570240257092,0.5954545454545456
A1,Abilene.gml,500,2,7,27,0.7602270566201086,0.5097294532591458,0.26773396788481363,0.5954545454545456
A1,Abilene.gml,500,2,7,28,0.7602186674684513,0.508442379030686,0.26823763744632045,0.5936363636363636
A1,Abilene.gml,500,2,7,29,0.7601347230850034,0.5075458551578372,0.2686242632062635,0.5936363636363636
A1,Abilene.gml,500,2,7,30,0.7770110096746727,0.58335440151943,0.2690377127299511,0.6481818181818182
A1,Abilene.gml,500,2,7,31,0.7599468160145743,0.5063422248957435,0.269111232897969,0.5936363636363636
A1,Abilene.gml,500,2,7,32,0.7456282679214161,0.5052875705065122,0.26956736615743426,0.5881818181818181
A1,Abilene.gml,500,2,7,33,0.7769551385646648,0.5805413193384427,0.270155395696607,0.6463636363636364
A1,Abilene.gml,500,2,7,34,0.7598211986720993,0.5021846452213654,0.2703925455160136,0.5909090909090909
A1,Abilene.gml,500,2,7,35,0.7355304649118842,0.47134765619230107,0.2710234293022916,0.5627272727272726
A1,Abilene.gml,500,2,7,36,0.7443495608326138,0.49859946773438196,0.2715473039778847,0.5863636363636364
A1,Abilene.gml,500,2,7,37,0.7442123783317257,0.49657802934258444,0.2722226180467797,0.5845454545454546
A1,Abilene.gml,500,2,7,38,0.7440387551777103,0.4948720546699052,0.2727910518856724,0.5845454545454546
A1,Abilene.gml,500,2,7,39,0.7439999746918375,0.4931194516407956,0.2733867079863698,0.5827272727272726
A1,Abilene.gml,500,2,7,40,0.7440038503963702,0.4913209348540036,0.27400964319225574,0.5827272727272726
A1,Abilene.gml,500,2,7,41,0.7440493239493832,0.4894772430713882,0.27465991706894033,0.5818181818181818
A1,Abilene.gml,500,2,7,42,0.744209185961202,0.4873093950011491,0.2754328620335899,0.5809090909090909
A1,Abilene.gml,500,2,7,43,0.7455464121578493,0.48510902713481774,0.27623327298994654,0.58
A1,Abilene.gml,500,2,7,44,0.8178355218319616,0.5476049860180102,0.2770612272325064,0.64
A1,Abilene.gml,500,2,7,45,0.7765068100295944,0.48126992488800846,0.27752484585577614,0.5854545454545456
A1,Abilene.gml,500,2,7,46,0.7766485647147625,0.47927621909192825,0.2782702286044349,0.5836363636363636
A1,Abilene.gml,500,2,7,47,0.7766945074176632,0.47724135150185193,0.279043363837679,0.5827272727272728
A1,Abilene.gml,500,2,7,48,0.7767080185251469,0.4750325877380531,0.2798443260937838,0.5827272727272728
A1,Abilene.gml,500,2,7,49,0.7766997336069213,0.47259413744941176,0.2806731926862723,0.5827272727272728
A1,Abilene.gml,500,2,8,0,0.8015463282081481,0.6450688328308712,0.26290036471435685,0.6909090909090909
A1,Abilene.gml,500,2,8,1,0.7438575360944284,0.5274346867865926,0.26262659511651565,0.5945454545454546
A1,Abilene.gml,500,2,8,2,0.7438649044251665,0.5272740668203235,0.2624514413326171,0.5945454545454546
A1,Abilene.gml,500,2,8,3,0.7438763545065517,0.5270787718014905,0.2623025502082303,0.5954545454545455
A1,Abilene.gml,500,2,8,4,0.7438945904297043,0.5268486308329805,0.2621799042279767,0.5945454545454546
A1,Abilene.gml,500,2,8,5,0.7439261039183752,0.5265834818747912,0.262083488502744,0.5954545454545455
A1,Abilene.gml,500,2,8,6,0.7439906695254681,0.5262831719782444,0.262013290767934,0.5954545454545455
A1,Abilene.gml,500,2,8,7,0.7603586590170692,0.5609591696969285,0.26196930138197433,0.6272727272727273
A1,Abilene.gml,500,2,8,8,0.7440935776476848,0.5256958239807625,0.26200232074167157,0.5936363636363636
A1,Abilene.gml,500,2,8,9,0.7453607120467681,0.5252997576244262,0.26200082761323096,0.5963636363636365
A1,Abilene.gml,500,2,8,10,0.7597731737119914,0.5248679420050719,0.2620255347168645,0.6000000000000001
A1,Abilene.gml,500,2,8,11,0.7600781513857185,0.5244002693931487,0.2620764419032594,0.600909090909091
A1,Abilene.gml,500,2,8,12,0.7601624338925647,0.5238966426709273,0.262153551643126,0.600909090909091
A1,Abilene.gml,500,2,8,13,0.7603738958256965,0.6004769593397223,0.2622568690271828,0.6509090909090909
A1,Abilene.gml,500,2,8,14,0.7602366790799546,0.5235926301532454,0.2622978069108224,0.600909090909091
A1,Abilene.gml,500,2,8,15,0.7602459476055454,0.5229849118369448,0.26244467690438045,0.600909090909091
A1,Abilene.gml,500,2,8,16,0.7602526145752069,0.5223408913196624,0.26261777667862957,0.600909090909091
A1,Abilene.gml,500,2,8,17,0.7602575103277637,0.5216605271309885,0.2628171209205692,0.6000000000000001
A1,Abilene.gml,500,2,8,18,0.7602611268944371,0.5209362856924614,0.2630427269401766,0.600909090909091
A1,Abilene.gml,500,2,8,19,0.7602637712655868,0.5200181943658582,0.26329461467187615,0.600909090909091
A1,Abilene.gml,500,2,8,20,0.7602656425880153,0.5190234871581849,0.2635728066762697,0.6000000000000001
A1,Abilene.gml,500,2,8,21,0.7602668719609796,0.5179911458408903,0.2638773281421305,0.5990909090909091
A1,Abilene.gml,500,2,8,22,0.7602675454196421,0.5169212612297036,0.2642082068886588,0.5972727272727274
A1,Abilene.gml,500,2,8,23,0.7602677172201985,0.515813939478843,0.26456547336800135,0.5981818181818183
A1,Abilene.gml,500,2,8,24,0.8094369069293225,0.5900993608111403,0.2649491606680328,0.6609090909090909
A1,Abilene.gml,500,2,8,25,0.76025903984367,0.5140902234271819,0.2651903369380241,0.5981818181818183
A1,Abilene.gml,500,2,8,26,0.7602569534762028,0.5128700260331698,0.2656179763495602,0.5972727272727274
A1,Abilene.gml,500,2,8,27,0.7602542468873428,0.5116129516766366,0.2660721347947901,0.5963636363636365
A1,Abilene.gml,500,2,8,28,0.7602508208894053,0.510319184975561,0.26655285503765497,0.5963636363636365
A1,Abilene.gml,500,2,8,29,0.7602465318743709,0.5089889263953922,0.2670601824939993,0.5963636363636365
A1,Abilene.gml,500,2,8,30,0.7602411722319448,0.5076223922878893,0.26759416523584745,0.5963636363636365
A1,Abilene.gml,500,2,8,31,0.760234437560328,0.5062198149168411,0.26815485399594496,0.5945454545454546
A1,Abilene.gml,500,2,8,32,0.7601604735880204,0.5050622465414304,0.2685978546057877,0.5936363636363636
A1,Abilene.gml,500,2,8,33,0.7598473379368053,0.5035287214211968,0.2690676707010302,0.5918181818181818
A1,Abilene.gml,500,2,8,34,0.7595351059131772,0.50156946915562,0.26968923124043925,0.5909090909090909
A1,Abilene.gml,500,2,8,35,0.7769885109479318,0.5756912589271995,0.2703376985469184,0.6436363636363637
A1,Abilene.gml,500,2,8,36,0.7769578322768826,0.575112743866161,0.27078543187142995,0.6445454545454546
A1,Abilene.gml,500,2,8,37,0.7598375376592159,0.4967926521977935,0.27105980596197854,0.5909090909090909
A1,Abilene.gml,500,2,8,38,0.7594038700587472,0.4947035790638306,0.2717694655918494,0.5881818181818183
A1,Abilene.gml,500,2,8,39,0.760394790522875,0.5338244689144237,0.27234386470976646,0.6218181818181818
A1,Abilene.gml,500,2,8,40,0.744101480878701,0.49119227687907974,0.27294544077424265,0.5827272727272726
A1,Abilene.gml,500,2,8,41,0.7440761771896597,0.48936795540983885,0.27357425122518986,0.5818181818181818
A1,Abilene.gml,500,2,8,42,0.7768909741400329,0.5663717017390435,0.2742303562202144,0.639090909090909
A1,Abilene.gml,500,2,8,43,0.744236570776229,0.4860722453934953,0.27457431327851245,0.5809090909090909
A1,Abilene.gml,500,2,8,44,0.7450562195344475,0.4838170707135427,0.27539767693944983,0.58
A1,Abilene.gml,500,2,8,45,0.7760772711663677,0.4815309022024936,0.27624849803171503,0.5863636363636364
A1,Abilene.gml,500,2,8,46,0.7765884651372237,0.4792144124808257,0.2771268588916742,0.5836363636363636
A1,Abilene.gml,500,2,8,47,0.7766765987223976,0.4772066043849046,0.27787054304574216,0.5827272727272728
A1,Abilene.gml,500,2,8,48,0.7766982547819459,0.47481558669335083,0.27864193988569935,0.5818181818181819
A1,Abilene.gml,500,2,8,49,0.7768630324534548,0.5503606468259282,0.279441123779961,0.629090909090909
A1,Abilene.gml,500,2,9,0,0.7438551039609873,0.5222377224561594,0.2645405534520746,0.5881818181818181
A1,Abilene.gml,500,2,9,1,0.7438630828875965,0.5225977288723244,0.26433033975481685,0.5881818181818181
A1,Abilene.gml,500,2,9,2,0.7438752413103576,0.5229115714553815,0.2641465801129043,0.5890909090909091
A1,Abilene.gml,500,2,9,3,0.7438943974491075,0.5229009612838791,0.2639892535049673,0.5909090909090909
A1,Abilene.gml,500,2,9,4,0.7439272909549739,0.5226414314562109,0.26385834155504156,0.5918181818181819
A1,Abilene.gml,500,2,9,5,0.7439944004967721,0.5223472584662944,0.26375382853046636,0.5918181818181819
A1,Abilene.gml,500,2,9,6,0.7441999071790207,0.5220183067859924,0.26367570134004664,0.5909090909090909
A1,Abilene.gml,500,2,9,7,0.7254023757298614,0.4990656358127058,0.2636239495324799,0.57
A1,Abilene.gml,500,2,9,8,0.7455998519305589,0.5214578872356613,0.2636327051738934,0.5936363636363636
A1,Abilene.gml,500,2,9,9,0.759766155012703,0.5210343420402451,0.2636239013091093,0.5981818181818181
A1,Abilene.gml,500,2,9,10,0.7603072894674457,0.5983196041670779,0.26364146071484257,0.6499999999999999
A1,Abilene.gml,500,2,9,11,0.7601974778410391,0.5209507477678579,0.26362508171518395,0.5981818181818181
A1,Abilene.gml,500,2,9,12,0.7602180329241598,0.520425144803665,0.26368643658882646,0.5981818181818181
A1,Abilene.gml,500,2,9,13,0.7603575754815157,0.5973704810040266,0.26377415397064036,0.649090909090909
A1,Abilene.gml,500,2,9,14,0.7602439330160103,0.5201393761603721,0.2638190150554837,0.5990909090909091
A1,Abilene.gml,500,2,9,15,0.7602428373586498,0.519440873770244,0.26381581504094476,0.5990909090909091
A1,Abilene.gml,500,2,9,16,0.7602499408870915,0.5187925920145193,0.2639627505961467,0.5981818181818183
A1,Abilene.gml,500,2,9,17,0.7602551815127605,0.5181082927122295,0.26413606773285253,0.5972727272727274
A1,Abilene.gml,500,2,9,18,0.7602590815751582,0.517387510541331,0.2643357811446181,0.5972727272727274
A1,Abilene.gml,500,2,9,19,0.7602619665367221,0.5165766942035177,0.26456190816315694,0.5963636363636365
A1,Abilene.gml,500,2,9,20,0.760264046853888,0.5155819138790204,0.2648144687598102,0.5963636363636365
A1,Abilene.gml,500,2,9,21,0.7602654620297393,0.5145499175859677,0.26509348554727974,0.5963636363636365
A1,Abilene.gml,500,2,9,22,0.7602663040964934,0.5134808312112914,0.26539898378162535,0.5954545454545456
A1,Abilene.gml,500,2,9,23,0.7602666321184238,0.5123747656994658,0.26573099136452566,0.5963636363636365
A1,Abilene.gml,500,2,9,24,0.8092578676060174,0.5868920893854456,0.26608953884580416,0.6581818181818181
A1,Abilene.gml,500,2,9,25,0.7602589512042421,0.510697379299682,0.26632469926874425,0.5963636363636365
A1,Abilene.gml,500,2,9,26,0.7602571330821088,0.5094798173102216,0.26672739895925407,0.5963636363636365
A1,Abilene.gml,500,2,9,27,0.7602547401708164,0.5082258478268589,0.2671567311196909,0.5954545454545456
A1,Abilene.gml,500,2,9,28,0.7602685931006777,0.5074612265570415,0.2673564024382271,0.5954545454545456
A1,Abilene.gml,500,2,9,29,0.7602671045357396,0.5061515529192503,0.2678279417341409,0.5927272727272727
A1,Abilene.gml,500,2,9,30,0.7602651494435687,0.5048055861546622,0.26832621667029843,0.5909090909090909
A1,Abilene.gml,500,2,9,31,0.7602626738275451,0.5030199586023099,0.2688512744006295,0.5909090909090909
A1,Abilene.gml,500,2,9,32,0.7928434144408446,0.5768870980467894,0.26940316475262754,0.65
A1,Abilene.gml,500,2,9,33,0.7602829179481687,0.49998500630988835,0.2696283998240196,0.5909090909090909
A1,Abilene.gml,500,2,9,34,0.760281768609389,0.49805737212698936,0.27022349135124435,0.59
A1,Abilene.gml,500,2,9,35,0.817985717609341,0.5832557348137022,0.2706852465649829,0.6618181818181819
A1,Abilene.gml,500,2,9,36,0.7602419994210254,0.49512708288222257,0.27111105259435175,0.5881818181818183
A1,Abilene.gml,500,2,9,37,0.7601776528990185,0.4935222971059108,0.2716192516923824,0.5863636363636364
A1,Abilene.gml,500,2,9,38,0.760152455090395,0.4914672430544677,0.2722938743846053,0.5845454545454545
A1,Abilene.gml,500,2,9,39,0.7601151073113925,0.4893787209785309,0.2729956590019975,0.5845454545454545
A1,Abilene.gml,500,2,9,40,0.7600546667569295,0.487257295495362,0.2737246730068282,0.5827272727272728
A1,Abilene.gml,500,2,9,41,0.7769590702577702,0.5636818192621061,0.274312624321819,0.6372727272727272
A1,Abilene.gml,500,2,9,42,0.7592255889150394,0.4845303138772715,0.27450597429638574,0.5827272727272728
A1,Abilene.gml,500,2,9,43,0.7443368585743979,0.48271192837509846,0.27513776951154534,0.5772727272727273
A1,Abilene.gml,500,2,9,44,0.744115224416393,0.48084971723886627,0.2757970153241347,0.5763636363636363
A1,Abilene.gml,500,2,9,45,0.7442549550124586,0.4789248096749651,0.2762646944321079,0.5754545454545454
A1,Abilene.gml,500,2,9,46,0.7443486510088895,0.4761808711454535,0.2770967953415147,0.5745454545454546
A1,Abilene.gml,500,2,9,47,0.745479705088605,0.4736848550722637,0.2779565227203648,0.5745454545454546
A1,Abilene.gml,500,2,9,48,0.7761940361786975,0.47121642438444894,0.27884395977874904,0.58
A1,Abilene.gml,500,2,9,49,0.7765101329836842,0.4687320543250706,0.27975919248940534,0.5781818181818182
